,flink_taskmanager_job_task_numRecordsInPerSecond,flink_taskmanager_job_task_numRecordsInPerSecond,flink_taskmanager_job_task_numRecordsInPerSecond,flink_taskmanager_job_task_numRecordsInPerSecond,flink_taskmanager_job_task_numRecordsInPerSecond,flink_taskmanager_job_task_numRecordsInPerSecond,flink_taskmanager_job_task_numRecordsInPerSecond,flink_taskmanager_job_task_numRecordsInPerSecond
,0,1,2,3,4,5,6,7
Timestamp,,,,,,,,
1708036715000,0.0,,,,,,,
1708036720000,,,,,,,,
1708036725000,0.0,,,,,,,
1708036730000,194.0666666666,,,,,,,
1708036735000,194.0666666666,,,,,,,
1708036740000,194.0666666666,,,,,,,
1708036745000,3138.75,,,,,,,
1708036750000,5480.41666667,,,,,,,
1708036755000,5628.03333333,,,,,,,
1708036760000,10643.11666666,,,,,,,
1708036765000,14637.616666659998,,,,,,,
1708036770000,18980.18333333,,,,,,,
1708036775000,24635.73333333,,,,,,,
1708036780000,29444.75,,,,,,,
1708036785000,31902.516666659998,,,,,,,
1708036790000,38707.3,,,,,,,
1708036795000,42909.25,,,,,,,
1708036800000,45305.13333333,,,,,,,
1708036805000,48609.266666660005,,,,,,,
1708036810000,46705.516666660005,,,,,,,
1708036815000,49645.366666660004,,,,,,,
1708036820000,47473.16666666001,,,,,,,
1708036825000,43478.66666666,,,,,,,
1708036830000,39136.1,,,,,,,
1708036835000,33480.55,,,,,,,
1708036840000,32640.766666659998,,,,,,,
1708036845000,33011.966666659995,,,,,,,
1708036850000,31515.78333333,,,,,,,
1708036855000,32023.6,,,,,,,
1708036860000,33635.33333333,,,,,,,
1708036865000,31944.883333330003,,,,,,,
1708036870000,33264.466666659995,,,,,,,
1708036875000,35362.716666659995,,,,,,,
1708036880000,35057.61666666,,,,,,,
1708036885000,35057.61666666,,,,,,,
1708036890000,35297.5,,,,,,,
1708036895000,37628.56666666,,,,,,,
1708036900000,39436.15,,,,,,,
1708036905000,40930.86666666,,,,,,,
1708036910000,39904.43333333,,,,,,,
1708036915000,39817.5,,,,,,,
1708036920000,39367.36666666,,,,,,,
1708036925000,38986.41666666,,,,,,,
1708036930000,42811.75,,,,,,,
1708036935000,43309.08333333,,,,,,,
1708036940000,42434.15,,,,,,,
1708036945000,42434.15,,,,,,,
1708036950000,42194.26666666,,,,,,,
1708036955000,44013.86666666,,,,,,,
1708036960000,42200.55,,,,,,,
1708036965000,43057.36666666,,,,,,,
1708036970000,44492.1,,,,,,,
1708036975000,44998.733333330005,,,,,,,
1708036980000,46170.21666666,,,,,,,
1708036985000,45412.33333333,,,,,,,
1708036990000,45422.18333333,,,,,,,
1708036995000,43333.983333330005,,,,,,,
1708037000000,44436.0,,,,,,,
1708037005000,44436.0,,,,,,,
1708037010000,44436.0,,,,,,,
1708037015000,41714.41666666,,,,,,,
1708037020000,39313.58333333,,,,,,,
1708037025000,39413.91666666,,,,,,,
1708037030000,37003.88333333,,,,,,,
1708037035000,36528.76666666,,,,,,,
1708037040000,37267.716666659995,,,,,,,
1708037045000,37684.61666666,,,,,,,
1708037050000,33646.733333330005,,,,,,,
1708037055000,34263.45,,,,,,,
1708037060000,33879.56666666,,,,,,,
1708037065000,33879.56666666,,,,,,,
1708037070000,34947.95,,,,,,,
1708037075000,38970.78333333,,,,,,,
1708037080000,42741.983333330005,,,,,,,
1708037085000,39836.8,,,,,,,
1708037090000,42834.41666666,,,,,,,
1708037095000,42488.733333330005,,,,,,,
1708037100000,39726.0,,,,,,,
1708037105000,,,,,,,,
1708037150000,,0.0,,,,,,
1708037155000,0.0,0.0,,,,,,
1708037160000,0.0,3.7,,,,,,
1708037165000,15.5,117.5333333333,,,,,,
1708037170000,467.3,633.3333333333,,,,,,
1708037175000,2830.1333333333,2818.3333333333,,,,,,
1708037180000,5122.3,5257.88333333,,,,,,
1708037185000,9239.01666666,9384.76666666,,,,,,
1708037190000,12192.283333329999,12163.033333329999,,,,,,
1708037195000,14650.15,14795.55,,,,,,
1708037200000,18275.15,18359.4,,,,,,
1708037205000,21315.21666666,21467.316666659997,,,,,,
1708037210000,24952.383333330003,25035.833333330003,,,,,,
1708037215000,28033.583333330003,28133.65,,,,,,
1708037220000,31758.75,31690.883333330003,,,,,,
1708037225000,32113.61666666,31958.05,,,,,,
1708037230000,34600.11666666,34371.2,,,,,,
1708037235000,32237.28333333,32427.66666666,,,,,,
1708037240000,30889.48333333,30687.75,,,,,,
1708037245000,28615.45,28495.883333330003,,,,,,
1708037250000,28201.583333330003,28257.98333333,,,,,,
1708037255000,29397.183333330002,29219.48333333,,,,,,
1708037260000,30380.48333333,30280.133333330003,,,,,,
1708037265000,31991.16666666,31770.36666666,,,,,,
1708037270000,31673.016666659998,31485.833333330003,,,,,,
1708037275000,32036.25,31823.53333333,,,,,,
1708037280000,31623.333333330003,31572.433333330002,,,,,,
1708037285000,34495.55,34432.733333330005,,,,,,
1708037290000,32048.71666666,32063.883333330003,,,,,,
1708037295000,34816.18333333,34512.28333333,,,,,,
1708037300000,34459.4,34399.31666666,,,,,,
1708037305000,32616.71666666,32464.3,,,,,,
1708037310000,32962.26666666,32804.51666666,,,,,,
1708037315000,32594.183333330002,32494.23333333,,,,,,
1708037320000,31485.266666659998,31365.03333333,,,,,,
1708037325000,30681.05,30663.083333330003,,,,,,
1708037330000,31639.266666659998,31698.98333333,,,,,,
1708037335000,30856.316666659997,30899.53333333,,,,,,
1708037340000,32506.11666666,32499.61666666,,,,,,
1708037345000,32493.35,32485.66666666,,,,,,
1708037350000,32843.983333330005,32932.716666659995,,,,,,
1708037355000,33442.216666659995,33389.56666666,,,,,,
1708037360000,34087.75,34179.716666659995,,,,,,
1708037365000,35205.01666666,35148.06666666,,,,,,
1708037370000,32320.066666659997,32267.48333333,,,,,,
1708037375000,29637.7,29828.766666659998,,,,,,
1708037380000,30578.083333330003,30569.0,,,,,,
1708037385000,30343.6,30234.583333330003,,,,,,
1708037390000,30277.73333333,30173.083333330003,,,,,,
1708037395000,30294.35,30230.816666659997,,,,,,
1708037400000,30872.23333333,30807.11666666,,,,,,
1708037405000,30535.583333330003,30506.15,,,,,,
1708037410000,34417.63333333,34141.58333333,,,,,,
1708037415000,32302.383333330003,32335.683333330002,,,,,,
1708037420000,33077.63333333,32875.3,,,,,,
1708037425000,32735.1,32677.55,,,,,,
1708037430000,32735.1,32677.55,,,,,,
1708037435000,33005.4,32800.95,,,,,,
1708037440000,32259.7,32150.383333330003,,,,,,
1708037445000,32816.8,32802.93333333,,,,,,
1708037450000,32704.1,32683.266666659998,,,,,,
1708037455000,32243.35,32197.73333333,,,,,,
1708037460000,31065.05,31054.4,,,,,,
1708037465000,31091.75,31024.6,,,,,,
1708037470000,31622.683333330002,31621.066666659997,,,,,,
1708037475000,31196.75,31143.833333330003,,,,,,
1708037480000,31924.566666659997,31866.816666659997,,,,,,
1708037485000,31550.61666666,31497.45,,,,,,
1708037490000,31550.61666666,31497.45,,,,,,
1708037495000,33017.466666659995,32908.15,,,,,,
1708037500000,33481.28333333,33493.7,,,,,,
1708037505000,33472.3,33361.8,,,,,,
1708037510000,32498.91666666,32587.333333330003,,,,,,
1708037515000,34296.78333333,34218.06666666,,,,,,
1708037520000,34429.1,34401.93333333,,,,,,
1708037525000,33103.66666666,33073.76666666,,,,,,
1708037530000,31034.41666666,30924.98333333,,,,,,
1708037535000,33575.7,33423.06666666,,,,,,
1708037540000,31862.8,31834.98333333,,,,,,
1708037545000,32575.516666659998,32518.066666659997,,,,,,
1708037550000,32575.516666659998,32518.066666659997,,,,,,
1708037555000,,,,,,,,
1708037605000,0.0,0.0,0.0,,,,,
1708037610000,1.65,0.0,141.7,,,,,
1708037615000,1.65,137.0166666666,1239.0833333333,,,,,
1708037620000,1044.4166666666,1287.6333333333,2994.8666666665995,,,,,
1708037625000,2729.6166666666,3055.7166666666,5355.2,,,,,
1708037630000,5472.23333333,5588.38333333,8732.61666666,,,,,
1708037635000,8567.3,9009.91666666,11805.56666666,,,,,
1708037640000,11790.3,12220.16666666,14970.95,,,,,
1708037645000,15330.716666659999,15565.7,15747.56666666,,,,,
1708037650000,15775.65,16307.05,17028.6,,,,,
1708037655000,17545.83333333,17705.41666666,18782.766666659998,,,,,
1708037660000,19373.36666666,19504.96666666,19303.16666666,,,,,
1708037665000,19907.65,20080.61666666,20177.75,,,,,
1708037670000,20719.78333333,20977.38333333,21107.68333333,,,,,
1708037675000,21697.93333333,21931.05,22332.066666659997,,,,,
1708037680000,23169.21666666,23221.8,23741.4,,,,,
1708037685000,24407.41666666,24678.516666659998,24204.683333330002,,,,,
1708037690000,24827.45,25148.03333333,23665.333333330003,,,,,
1708037695000,24349.1,24564.16666666,22730.18333333,,,,,
1708037700000,23574.066666659997,23620.78333333,20493.36666666,,,,,
1708037705000,20785.766666659998,21226.7,21354.36666666,,,,,
1708037710000,22210.08333333,22266.93333333,21696.88333333,,,,,
1708037715000,22347.75,22559.43333333,21691.38333333,,,,,
1708037720000,22303.46666666,22539.75,21607.11666666,,,,,
1708037725000,22275.91666666,22452.733333329998,23367.133333330003,,,,,
1708037730000,24128.3,24287.61666666,24449.066666659997,,,,,
1708037735000,24969.833333330003,25328.55,25866.61666666,,,,,
1708037740000,26190.75,26728.65,26163.45,,,,,
1708037745000,26905.85,27195.53333333,25276.16666666,,,,,
1708037750000,25763.333333330003,26169.98333333,23436.8,,,,,
1708037755000,24371.15,24477.316666659997,22968.78333333,,,,,
1708037760000,23893.0,24027.633333330003,23781.48333333,,,,,
1708037765000,24918.433333330002,24804.1,23880.016666659998,,,,,
1708037770000,24900.633333330003,24809.6,23647.516666659998,,,,,
1708037775000,24078.683333330002,24550.3,22881.53333333,,,,,
1708037780000,23363.41666666,23824.85,23466.05,,,,,
1708037785000,24134.3,24619.36666666,23699.71666666,,,,,
1708037790000,24397.583333330003,24641.53333333,23697.15,,,,,
1708037795000,24680.883333330003,24750.0,23588.98333333,,,,,
1708037800000,24411.11666666,24587.16666666,23369.48333333,,,,,
1708037805000,24576.28333333,24366.4,23232.183333330002,,,,,
1708037810000,24415.433333330002,24261.95,23984.0,,,,,
1708037815000,24904.53333333,24937.133333330003,24179.41666666,,,,,
1708037820000,24924.21666666,25057.5,24202.48333333,,,,,
1708037825000,24592.433333330002,25116.683333330002,23326.15,,,,,
1708037830000,23544.05,24198.16666666,23479.73333333,,,,,
1708037835000,24240.21666666,24249.95,24221.45,,,,,
1708037840000,25178.05,25182.9,24236.96666666,,,,,
1708037845000,24557.1,24865.48333333,24269.4,,,,,
1708037850000,24965.16666666,25229.8,23138.78333333,,,,,
1708037855000,23735.75,24056.85,23319.25,,,,,
1708037860000,24037.65,24283.91666666,23889.46666666,,,,,
1708037865000,24317.266666659998,24832.7,23610.433333330002,,,,,
1708037870000,24264.95,24541.66666666,23524.816666659997,,,,,
1708037875000,24264.95,24455.083333330003,23481.66666666,,,,,
1708037880000,24158.66666666,24408.766666659998,23501.61666666,,,,,
1708037885000,24540.766666659998,24474.15,24328.25,,,,,
1708037890000,25495.78333333,25363.98333333,24363.98333333,,,,,
1708037895000,25096.3,25520.8,23526.1,,,,,
1708037900000,23924.066666659997,24376.53333333,24033.15,,,,,
1708037905000,24946.48333333,24874.566666659997,23002.9,,,,,
1708037910000,23510.266666659998,23919.1,24377.6,,,,,
1708037915000,25176.35,25352.183333330002,24181.8,,,,,
1708037920000,25200.683333330002,25196.9,24002.933333330002,,,,,
1708037925000,24535.5,24810.333333330003,24478.41666666,,,,,
1708037930000,25176.766666659998,25451.35,24648.73333333,,,,,
1708037935000,25418.383333330003,25619.73333333,24435.5,,,,,
1708037940000,24774.65,25399.0,23571.61666666,,,,,
1708037945000,23960.583333330003,24504.5,23203.41666666,,,,,
1708037950000,23635.16666666,24117.566666659997,23401.28333333,,,,,
1708037955000,24341.05,24332.016666659998,24342.566666659997,,,,,
1708037960000,25379.21666666,25384.66666666,23454.21666666,,,,,
1708037965000,24133.73333333,24607.73333333,24817.05,,,,,
1708037970000,25618.86666666,25702.71666666,24561.433333330002,,,,,
1708037975000,25242.05,25352.833333330003,24318.683333330002,,,,,
1708037980000,24797.4,25289.7,24710.5,,,,,
1708037985000,25885.566666659997,25842.53333333,24504.0,,,,,
1708037990000,24939.683333330002,25479.41666666,23977.566666659997,,,,,
1708037995000,24315.5,24928.6,23451.1,,,,,
1708038000000,24164.46666666,24387.516666659998,24034.3,,,,,
1708038005000,,24996.566666659997,,,,,,
1708038010000,,,,,,,,
1708038055000,0.0,0.0,0.0,0.0,,,,
1708038060000,0.0,1.65,1.366666666666,0.0,,,,
1708038065000,1.183333333333,178.25,179.7166666666,1.716666666666,,,,
1708038070000,57.0333333333,1411.35,1436.4,210.35,,,,
1708038075000,1205.45,3414.75,3489.36666667,1444.1333333332998,,,,
1708038080000,3504.7,5954.516666670001,5907.1,3758.95,,,,
1708038085000,5900.7,8676.85,8678.4,6137.91666667,,,,
1708038090000,8729.35,11040.81666666,11053.81666666,8758.35,,,,
1708038095000,11034.36666666,13838.91666666,13792.06666666,11323.46666666,,,,
1708038100000,13879.48333333,16646.71666666,16524.25,14089.033333329999,,,,
1708038105000,16463.983333329998,18471.58333333,18342.1,16754.85,,,,
1708038110000,18227.05,20998.93333333,20850.016666659998,18522.03333333,,,,
1708038115000,20779.0,21448.93333333,21317.266666659998,20928.45,,,,
1708038120000,21217.3,22574.066666659997,22404.016666659998,21528.55,,,,
1708038125000,22416.25,22898.08333333,22784.1,22490.16666666,,,,
1708038130000,22963.16666666,23530.066666659997,23209.21666666,23085.55,,,,
1708038135000,23330.266666659998,23362.11666666,23090.48333333,23411.66666666,,,,
1708038140000,23022.46666666,21753.016666659998,21601.11666666,22922.61666666,,,,
1708038145000,21526.983333329998,19433.43333333,19233.71666666,21472.66666666,,,,
1708038150000,19201.46666666,19784.65,19653.78333333,19257.3,,,,
1708038155000,19819.33333333,20524.83333333,20337.0,19817.0,,,,
1708038160000,20313.46666666,21728.78333333,21674.13333333,20506.25,,,,
1708038165000,21945.316666659997,23249.86666666,23089.35,21904.61666666,,,,
1708038170000,23182.2,22860.233333329998,22692.38333333,23071.98333333,,,,
1708038175000,22740.2,23591.816666659997,23501.25,22784.86666666,,,,
1708038180000,23397.28333333,23400.383333330003,23243.16666666,23496.383333330003,,,,
1708038185000,23011.13333333,25392.883333330003,25159.66666666,23337.316666659997,,,,
1708038190000,25048.61666666,25662.66666666,25590.2,25185.633333330003,,,,
1708038195000,25635.7,26421.95,26230.766666659998,25572.583333330003,,,,
1708038200000,26219.71666666,26795.35,26607.55,26338.133333330003,,,,
1708038205000,26581.933333330002,26392.6,26203.65,26714.516666659998,,,,
1708038210000,26078.8,23960.96666666,23809.16666666,26309.45,,,,
1708038215000,23554.766666659998,23361.75,23307.083333330003,23718.45,,,,
1708038220000,23421.583333330003,22435.566666659997,22013.86666666,23408.383333330003,,,,
1708038225000,21742.36666666,22376.483333329998,22308.85,22004.66666666,,,,
1708038230000,22535.21666666,23774.21666666,23604.85,22763.21666666,,,,
1708038235000,23570.633333330003,24621.53333333,24349.65,23864.833333330003,,,,
1708038240000,24478.71666666,25415.03333333,25305.16666666,24420.75,,,,
1708038245000,25701.11666666,24658.5,24558.933333330002,25783.21666666,,,,
1708038250000,24815.86666666,24538.45,24373.41666666,24862.066666659997,,,,
1708038255000,24603.15,23977.53333333,23892.4,24825.9,,,,
1708038260000,24097.86666666,24781.61666666,24604.91666666,24205.333333330003,,,,
1708038265000,24484.016666659998,25087.433333330002,24910.016666659998,24714.3,,,,
1708038270000,24975.383333330003,25201.183333330002,24901.41666666,25006.066666659997,,,,
1708038275000,25054.95,24981.333333330003,24685.183333330002,25076.25,,,,
1708038280000,24481.45,24855.91666666,24893.8,24610.183333330002,,,,
1708038285000,25023.45,24939.266666659998,24775.65,25024.25,,,,
1708038290000,24799.96666666,24482.46666666,24311.23333333,24818.933333330002,,,,
1708038295000,24311.91666666,24737.766666659998,24373.4,24427.11666666,,,,
1708038300000,24421.2,24222.183333330002,24044.1,24652.25,,,,
1708038305000,23951.45,23844.66666666,23694.9,24004.15,,,,
1708038310000,23719.7,23714.36666666,23655.78333333,23726.816666659997,,,,
1708038315000,23684.883333330003,23610.46666666,23431.583333330003,23740.316666659997,,,,
1708038320000,23521.066666659997,23586.91666666,23420.883333330003,23656.95,,,,
1708038325000,23425.433333330002,23615.36666666,23449.41666666,23503.21666666,,,,
1708038330000,23509.48333333,24910.73333333,24815.316666659997,23547.766666659998,,,,
1708038335000,24892.11666666,25570.55,25474.25,24973.53333333,,,,
1708038340000,25673.016666659998,25729.516666659998,25636.383333330003,25774.98333333,,,,
1708038345000,25762.833333330003,25974.85,25678.066666659997,25856.083333330003,,,,
1708038350000,25425.03333333,25480.5,25302.15,25498.583333330003,,,,
1708038355000,25295.41666666,24952.2,24994.48333333,25211.71666666,,,,
1708038360000,25025.933333330002,24295.55,24054.25,25064.21666666,,,,
1708038365000,24127.7,24768.75,24498.833333330003,24199.15,,,,
1708038370000,24051.16666666,25162.183333330002,24742.91666666,24286.583333330003,,,,
1708038375000,24517.86666666,25425.11666666,25178.766666659998,24675.516666659998,,,,
1708038380000,24967.8,25093.55,24908.75,24926.8,,,,
1708038385000,25074.95,24759.28333333,24575.11666666,25006.73333333,,,,
1708038390000,24499.53333333,23712.1,23462.9,24670.41666666,,,,
1708038395000,23476.35,23597.516666659998,23331.95,23541.683333330002,,,,
1708038400000,23452.3,24064.25,23757.583333330003,23367.3,,,,
1708038405000,23724.083333330003,24195.016666659998,24019.4,23712.583333330003,,,,
1708038410000,24056.933333330002,24140.5,23962.766666659998,24172.066666659997,,,,
1708038415000,23962.53333333,24580.583333330003,24406.91666666,24062.53333333,,,,
1708038420000,24392.316666659997,24952.6,24798.0,24369.183333330002,,,,
1708038425000,24904.41666666,25155.2,24975.71666666,24967.75,,,,
1708038430000,25361.21666666,25149.48333333,25100.55,25289.7,,,,
1708038435000,24912.883333330003,25297.21666666,25129.516666659998,25019.266666659998,,,,
1708038440000,25050.61666666,25483.48333333,25303.65,25285.183333330002,,,,
1708038445000,25354.73333333,25483.48333333,25303.65,25418.36666666,,,,
1708038450000,25354.73333333,25132.333333330003,,25418.36666666,,,,
1708038455000,,,,,,,,
1708038495000,,,0.0,,,,,
1708038500000,0.0,0.0,0.0,0.0,0.0,,,
1708038505000,0.0,0.0,110.1166666666,0.0,0.0,,,
1708038510000,2.833333333333,100.3666666666,681.3833333333,132.0833333333,108.8166666666,,,
1708038515000,631.4166666666,712.4333333333,2063.4166666666,699.4166666666,669.7333333333,,,
1708038520000,2007.1,2087.9333333332997,3962.78333333,2167.6166666666,2044.8,,,
1708038525000,3855.41666667,4087.76666667,6783.383333329999,4140.08333333,3925.45,,,
1708038530000,6892.8,6958.21666666,9323.68333333,6997.233333329999,6735.683333329999,,,
1708038535000,9515.4,9624.96666666,9477.06666666,9462.08333333,9246.95,,,
1708038540000,9515.4,9781.31666666,11177.41666666,9617.75,9396.633333329999,,,
1708038545000,11409.23333333,11531.766666659998,12224.66666666,11342.783333329999,11084.133333329999,,,
1708038550000,12435.466666659999,12604.5,12755.533333329999,12444.216666659999,12124.716666659999,,,
1708038555000,12892.9,13168.06666666,14528.633333329999,12946.866666659998,12649.033333329999,,,
1708038560000,14885.43333333,15001.766666659998,16481.7,14745.66666666,14411.366666659998,,,
1708038565000,16838.516666659998,17010.15,16938.46666666,16741.86666666,16354.75,,,
1708038570000,17463.03333333,17496.58333333,16949.95,17169.05,16800.16666666,,,
1708038575000,17373.71666666,17487.95,18145.7,17276.36666666,16817.516666659998,,,
1708038580000,18727.766666659998,18733.516666659998,19180.066666659997,18471.96666666,17989.2,,,
1708038585000,19806.766666659998,19745.983333329998,19516.38333333,19447.18333333,19027.18333333,,,
1708038590000,20060.75,20134.1,19089.566666659997,19729.016666659998,19334.266666659998,,,
1708038595000,19699.55,19682.5,19848.05,19520.18333333,18936.03333333,,,
1708038600000,20553.68333333,20481.816666659997,19692.7,20232.75,19679.766666659998,,,
1708038605000,20209.66666666,20296.95,20654.36666666,20141.71666666,19523.38333333,,,
1708038610000,21214.15,21336.96666666,21639.6,20923.55,20484.5,,,
1708038615000,22436.16666666,22343.0,21600.766666659998,21962.45,21466.41666666,,,
1708038620000,22188.83333333,22295.61666666,21480.88333333,21969.61666666,21427.88333333,,,
1708038625000,22216.05,22185.016666659998,21431.766666659998,21788.1,21504.11666666,,,
1708038630000,22059.05,22135.066666659997,21338.9,21764.78333333,21256.1,,,
1708038635000,21938.1,22000.91666666,21839.41666666,21716.066666659997,21167.7,,,
1708038640000,22308.96666666,22542.733333329998,21906.05,22141.816666659997,21532.016666659998,,,
1708038645000,22690.766666659998,22658.35,21571.96666666,22333.2,21738.45,,,
1708038650000,22268.4,22345.8,21471.41666666,21870.78333333,21424.43333333,,,
1708038655000,22046.75,22198.1,22219.4,21643.21666666,21297.15,,,
1708038660000,22882.11666666,22957.9,22358.68333333,22465.45,22053.53333333,,,
1708038665000,23072.21666666,23138.91666666,21387.016666659998,22543.483333329998,22194.5,,,
1708038670000,22019.8,22084.33333333,20743.016666659998,21780.066666659997,21221.85,,,
1708038675000,21217.5,21393.233333329998,21032.266666659998,21186.35,20586.43333333,,,
1708038680000,21672.85,21671.68333333,21120.45,21469.41666666,20851.1,,,
1708038685000,21751.7,21788.4,21906.45,21637.3,20755.38333333,,,
1708038690000,22534.8,22614.78333333,22047.36666666,22225.38333333,21733.85,,,
1708038695000,22663.1,22798.86666666,22131.5,22391.46666666,21873.05,,,
1708038700000,22934.61666666,22858.86666666,22001.16666666,22494.71666666,22098.566666659997,,,
1708038705000,22473.08333333,22726.15,21964.66666666,22295.983333329998,21820.9,,,
1708038710000,22558.16666666,22669.3,21316.11666666,22407.45,21768.3,,,
1708038715000,21919.3,22014.733333329998,21497.61666666,21747.66666666,21147.4,,,
1708038720000,22088.96666666,22192.15,22001.15,21978.3,21324.41666666,,,
1708038725000,22586.316666659997,22676.11666666,22735.7,22464.55,21813.85,,,
1708038730000,23571.75,23477.45,23125.633333330003,23003.3,22549.983333329998,,,
1708038735000,23883.48333333,23909.91666666,22922.58333333,23338.23333333,22930.58333333,,,
1708038740000,23590.28333333,23723.46666666,23054.86666666,23100.7,22754.16666666,,,
1708038745000,23667.266666659998,23823.583333330003,22375.15,23198.65,22812.75,,,
1708038750000,23043.483333329998,23103.96666666,22355.46666666,22707.7,22193.18333333,,,
1708038755000,22953.88333333,23081.75,22460.18333333,22535.233333329998,21969.5,,,
1708038760000,23159.11666666,23216.133333330003,22600.46666666,22812.9,22273.75,,,
1708038765000,23248.05,23279.16666666,22568.25,22900.86666666,22396.5,,,
1708038770000,23247.633333330003,23296.883333330003,22559.766666659998,22770.9,22363.05,,,
1708038775000,23243.86666666,23300.66666666,22702.68333333,22791.43333333,22377.65,,,
1708038780000,23418.316666659997,23417.11666666,22461.78333333,23034.93333333,22514.33333333,,,
1708038785000,23203.383333330003,23223.65,21844.2,22659.16666666,22291.58333333,,,
1708038790000,22310.38333333,22546.08333333,22154.71666666,22239.566666659997,21659.65,,,
1708038795000,22859.566666659997,22874.816666659997,22338.58333333,22674.016666659998,21976.08333333,,,
1708038800000,23019.1,23045.78333333,22141.5,22814.2,22151.65,,,
1708038805000,22733.18333333,22834.93333333,22389.05,22627.766666659998,22003.71666666,,,
1708038810000,23078.91666666,23117.833333330003,21981.6,22723.45,22209.816666659997,,,
1708038815000,22661.28333333,22699.21666666,21187.7,22350.4,22009.93333333,,,
1708038820000,21812.38333333,21899.516666659998,20953.21666666,21507.91666666,21030.566666659997,,,
1708038825000,21773.483333329998,21699.78333333,21160.36666666,21320.61666666,20812.816666659997,,,
1708038830000,21698.83333333,21852.83333333,21262.16666666,21654.233333329998,21045.86666666,,,
1708038835000,21707.55,21894.18333333,20980.46666666,21436.21666666,21093.58333333,,,
1708038840000,21564.8,21683.5,21253.75,21135.46666666,20819.4,,,
1708038845000,21935.21666666,21948.83333333,21602.05,21573.066666659997,21084.86666666,,,
1708038850000,22430.55,22330.733333329998,22032.83333333,21887.11666666,21457.21666666,,,
1708038855000,22706.4,22746.03333333,22191.18333333,22174.66666666,21861.28333333,,,
1708038860000,22866.2,22928.88333333,22142.6,22376.983333329998,22017.233333329998,,,
1708038865000,22907.8,22901.41666666,21934.91666666,22329.05,21971.483333329998,,,
1708038870000,22548.566666659997,22652.86666666,21912.96666666,22256.86666666,21764.1,,,
1708038875000,22509.18333333,22621.18333333,22548.9,22197.53333333,21738.2,,,
1708038880000,23225.95,23255.36666666,22481.08333333,22880.75,22364.18333333,,,
1708038885000,23003.68333333,23210.1,22002.58333333,22744.86666666,22295.83333333,,,
1708038890000,22736.83333333,22714.41666666,22368.016666659998,22182.71666666,21825.03333333,,,
1708038895000,23186.3,,0.0,0.0,,,,
1708038900000,,0.0,354.2,0.0,0.0,,,
1708038905000,175.1,144.16666666659998,,381.23333333330004,333.6166666666,,,
1708038910000,0.0,,0.0,0.0,0.0,,,
1708038915000,0.0,0.0,1358.2666666666,0.0,0.0,,,
1708038920000,0.0,,,,0.0,,,
1708038925000,0.0,0.0,852.3166666666,0.0,0.0,,,
1708038930000,809.7,,0.0,,,,,
1708038935000,,0.0,364.6,0.0,0.0,,,
1708038940000,175.1166666666,215.6333333333,0.0,,,,,
1708038945000,,0.0,138.3,0.0,0.0,,,
1708038950000,160.65,143.5,1107.35,140.5833333333,137.8,,,
1708038955000,,,,,,,,
1708039000000,,,,0.0,0.0,,,
1708039005000,0.0,0.0,0.0,0.0,0.0,0.0,,
1708039010000,0.0,0.0,0.0,16.883333333333,32.283333333333,0.0,,
1708039015000,1.533333333333,38.9833333333,14.566666666666,416.6833333333,391.7333333333,43.05,,
1708039020000,369.6833333333,402.05,407.9333333333,1152.9,1081.7,409.85,,
1708039025000,1184.9833333333,1090.1833333333,1119.8833333333,2509.65,2363.85,1128.0666666666,,
1708039030000,2522.1166666666,2385.9,2402.3666666666,4415.1,4112.68333333,2392.2833333333,,
1708039035000,4373.55,4143.73333333,4182.88333333,4979.3,4688.05,4149.41666667,,
1708039040000,5028.36666667,4722.66666667,4801.26666667,6221.86666667,5838.15,4791.11666667,,
1708039045000,6259.76666667,5888.11666667,5998.35,6847.75,6386.61666667,5962.86666667,,
1708039050000,6796.85,6615.25,6538.61666667,8830.28333333,8283.3,6641.86666667,,
1708039055000,8747.06666666,8298.41666666,8511.11666666,10795.21666666,10066.41666666,8478.98333333,,
1708039060000,10748.36666666,10145.01666666,10238.15,12155.8,11335.83333333,10163.75,,
1708039065000,11805.0,11420.81666666,11530.06666666,13394.65,12528.08333333,11442.66666666,,
1708039070000,13384.26666666,12630.96666666,12790.1,14439.01666666,13459.56666666,12745.66666666,,
1708039075000,14180.45,13561.48333333,13724.65,15255.88333333,14235.43333333,13604.28333333,,
1708039080000,15328.76666666,14331.86666666,14531.56666666,15606.65,14548.65,14466.33333333,,
1708039085000,15418.38333333,14659.38333333,14775.66666666,15286.45,14232.01666666,14650.43333333,,
1708039090000,15149.56666666,14416.21666666,14556.93333333,15019.66666666,14105.4,14620.93333333,,
1708039095000,15165.41666666,14211.06666666,14381.5,16561.38333333,15435.08333333,14310.91666666,,
1708039100000,16416.33333333,15552.91666666,15709.31666666,17178.43333333,16054.8,15615.21666666,,
1708039105000,17148.28333333,16181.11666666,16330.6,17956.78333333,16745.73333333,16209.1,,
1708039110000,17741.06666666,16687.23333333,16990.65,18024.45,16808.5,16718.68333333,,
1708039115000,18034.6,16990.28333333,17039.43333333,18299.51666666,17063.73333333,16946.63333333,,
1708039120000,18078.5,17187.0,17352.65,17897.56666666,16957.58333333,17223.9,,
1708039125000,18013.3,16906.3,17245.06666666,18492.13333333,17287.81666666,17125.91666666,,
1708039130000,18415.61666666,17404.71666666,17570.2,18638.1,17371.83333333,17431.5,,
1708039135000,18531.88333333,17507.76666666,17656.55,18825.81666666,17542.16666666,17523.96666666,,
1708039140000,18449.75,17685.61666666,17777.23333333,19580.95,18264.73333333,17597.55,,
1708039145000,19373.61666666,18399.71666666,18573.93333333,20343.68333333,18973.26666666,18443.01666666,,
1708039150000,20146.15,19036.7,19213.41666666,20787.61666666,19319.91666666,18948.51666666,,
1708039155000,20502.28333333,19461.31666666,19643.01666666,20297.73333333,18963.2,19521.35,,
1708039160000,20247.76666666,19106.7,19289.16666666,20382.73333333,18975.96666666,19150.13333333,,
1708039165000,20133.48333333,19110.11666666,19275.15,20365.51666666,18993.21666666,19164.31666666,,
1708039170000,20213.58333333,19145.51666666,19314.41666666,19665.2,18345.38333333,19169.63333333,,
1708039175000,19526.5,18486.06666666,18694.86666666,19848.78333333,18514.18333333,18553.1,,
1708039180000,19683.0,18662.05,18831.91666666,20055.06666666,18438.76666666,18695.86666666,,
1708039185000,19594.78333333,18760.51666666,18753.25,19749.25,18388.06666666,18608.43333333,,
1708039190000,19576.61666666,18532.03333333,18685.33333333,19658.88333333,18360.95,18562.11666666,,
1708039195000,19474.21666666,18489.31666666,18681.01666666,19989.88333333,18719.9,18551.06666666,,
1708039200000,19950.38333333,18860.81666666,19071.05,20215.71666666,18857.71666666,18933.0,,
1708039205000,20002.0,18997.58333333,19162.03333333,20484.56666666,19103.51666666,19037.95,,
1708039210000,20236.63333333,19246.08333333,19429.91666666,20200.16666666,18813.2,19236.45,,
1708039215000,19825.18333333,18964.3,19096.26666666,20539.08333333,19088.46666666,18901.1,,
1708039220000,20239.6,19235.83333333,19366.8,20371.95,18735.28333333,19262.23333333,,
1708039225000,19998.55,18884.83333333,19247.66666666,20844.58333333,19483.68333333,19089.03333333,,
1708039230000,20833.36666666,19631.21666666,19868.86666666,21252.21666666,19767.3,19766.63333333,,
1708039235000,20768.56666666,19906.41666666,20027.13333333,19330.1,18214.95,19831.63333333,,
1708039240000,19174.05,18374.55,18550.61666666,20135.76666666,18823.53333333,18414.7,,
1708039245000,20390.6,18977.06666666,19196.1,20422.73333333,19067.86666666,19113.63333333,,
1708039250000,20258.66666666,19217.68333333,19429.01666666,20974.96666666,19658.83333333,19293.68333333,,
1708039255000,20849.35,19810.83333333,19979.06666666,20704.43333333,19308.36666666,19823.03333333,,
1708039260000,20718.6,19459.96666666,19671.28333333,20895.21666666,19511.9,19598.65,,
1708039265000,20987.18333333,19676.76666666,19912.18333333,20903.7,19494.0,19825.56666666,,
1708039270000,20734.01666666,19648.66666666,19828.08333333,20524.2,19142.03333333,19679.13333333,,
1708039275000,20301.65,19347.1,19477.83333333,20367.86666666,19142.8,19387.41666666,,
1708039280000,19972.68333333,19104.91666666,19471.2,20262.75,19121.28333333,19245.26666666,,
1708039285000,20153.73333333,19262.05,19230.56666666,19856.98333333,18539.91666666,19125.3,,
1708039290000,19740.83333333,18677.35,18839.01666666,20063.6,18710.91666666,18730.23333333,,
1708039295000,19891.33333333,18847.81666666,19042.36666666,20383.1,18879.43333333,18884.3,,
1708039300000,20391.45,18999.26666666,19217.9,20579.71666666,19207.05,19149.58333333,,
1708039305000,20422.766666659998,19343.8,19533.71666666,20438.71666666,18992.05,19399.08333333,,
1708039310000,20014.05,19134.75,19260.93333333,20176.55,18735.15,19057.71666666,,
1708039315000,20020.28333333,18875.53333333,19078.483333329998,20536.6,19098.33333333,18925.066666659997,,
1708039320000,20039.46666666,19240.016666659998,19358.516666659998,20064.2,18643.05,19153.5,,
1708039325000,19641.75,18811.05,18945.38333333,19945.83333333,18610.3,18732.733333329998,,
1708039330000,19759.05,18755.61666666,18922.93333333,20260.0,18896.36666666,18786.516666659998,,
1708039335000,20066.11666666,18988.8,19220.38333333,20138.483333329998,18693.3,19019.9,,
1708039340000,20221.71666666,19016.71666666,19060.7,20286.53333333,18922.316666659997,18983.85,,
1708039345000,20098.566666659997,19067.11666666,19229.88333333,20846.15,19435.316666659997,19090.33333333,,
1708039350000,20630.68333333,19589.46666666,19791.33333333,20738.05,19339.983333329998,19606.5,,
1708039355000,20550.38333333,19500.016666659998,19667.03333333,20103.03333333,18689.83333333,19534.88333333,,
1708039360000,19443.08333333,18833.45,18967.5,19256.38333333,17897.766666659998,18759.566666659997,,
1708039365000,18790.55,18032.5,18155.266666659998,19038.66666666,17907.766666659998,18063.38333333,,
1708039370000,18780.6,18043.88333333,18210.83333333,18943.483333329998,17637.5,18084.85,,
1708039375000,18755.05,17772.83333333,17905.35,19231.0,17915.93333333,17791.66666666,,
1708039380000,19003.233333329998,18050.75,18212.233333329998,18917.18333333,17673.7,18082.91666666,,
1708039385000,18643.4,17771.85,17953.2,18575.61666666,17322.016666659998,17808.43333333,,
1708039390000,18325.316666659997,17439.96666666,17757.516666659998,18470.8,17223.15,17629.4,,
1708039395000,18169.95,17346.816666659997,17512.93333333,18643.46666666,17324.58333333,17395.85,,
1708039400000,,17458.93333333,17571.13333333,,,17379.93333333,,
1708039405000,0.0,0.0,,1625.6,1557.0833333333,,,
1708039410000,0.0,1563.0,1667.5333333332999,0.0,,1653.5166666666,,
1708039415000,0.0,,,970.5333333333,915.8166666666,0.0,,
1708039420000,933.7,922.95,940.8666666665999,,0.0,946.6833333333,,
1708039425000,0.0,,0.0,0.0,0.0,0.0,,
1708039430000,0.0,0.0,0.0,3264.75,3044.05,0.0,,
1708039435000,,3068.0166666666,3096.25,,,3072.85,,
1708039440000,,,,,,,,
1708039480000,0.0,,,,,,,
1708039485000,0.0,0.0,0.0,0.0,0.0,0.0,0.0,
1708039490000,1.033333333333,1.016666666666,0.0,0.0,0.0,0.0,0.0,
1708039495000,253.35,224.4666666666,1.05,1.05,1.083333333333,1.333333333333,1.266666666666,
1708039500000,691.2666666666,779.3,249.5166666666,265.2333333333,254.0666666666,240.3333333333,253.45,
1708039505000,1487.0166666666,1572.5166666666,829.15,876.15,829.3666666666,805.75,830.3333333333,
1708039510000,2511.9166666666,2347.15,1620.35,1730.5,1607.05,1598.3833333333,1613.5833333333,
1708039515000,3774.43333333,3573.58333333,2389.3333333333,2548.65,2388.6166666666,2373.8333333333,2395.4333333333,
1708039520000,4670.41666667,4485.78333333,3572.66666667,3811.36666667,3540.25,3567.2,3546.8,
1708039525000,5070.0,5023.63333333,4578.33333333,4864.41666667,4556.91666667,4534.78333333,4572.81666667,
1708039530000,6975.83333333,6623.11666667,5056.43333333,5362.0,5060.16666667,5017.71666667,5068.31666667,
1708039535000,8736.46666666,8273.6,6756.6,7188.21666666,6721.45,6706.55,6735.75,
1708039540000,10257.56666666,9709.75,8385.76666666,8927.35,8359.66666666,8337.36666666,8377.83333333,
1708039545000,11573.05,10843.66666666,9811.35,10470.38333333,9763.78333333,9766.26666666,9789.21666666,
1708039550000,12805.18333333,12067.78333333,10999.05,11708.81666666,10943.56666666,10929.98333333,10974.43333333,
1708039555000,13443.73333333,12750.38333333,12227.55,13021.78333333,12147.2,12158.83333333,12177.53333333,
1708039560000,14453.46666666,13586.6,12856.01666666,13723.68333333,12779.93333333,12811.4,12823.85,
1708039565000,15487.38333333,14438.53333333,13689.43333333,14595.21666666,13608.5,13651.03333333,13649.88333333,
1708039570000,15916.01666666,15034.46666666,14552.96666666,15510.16666666,14478.16666666,14516.66666666,14505.18333333,
1708039575000,16380.06666666,15473.76666666,15158.91666666,16143.58333333,15034.16666666,15098.88333333,15080.58333333,
1708039580000,16179.28333333,15462.93333333,15629.05,16647.15,15544.11666666,15547.18333333,15585.48333333,
1708039585000,16378.86666666,15333.88333333,15374.38333333,16434.6,15216.11666666,15398.28333333,15254.48333333,
1708039590000,15870.46666666,15004.48333333,15292.26666666,16358.05,15107.0,15309.6,15152.83333333,
1708039595000,16119.15,15332.93333333,14993.35,16012.46666666,14865.41666666,14979.21666666,14920.7,
1708039600000,15932.0,15110.23333333,15207.76666666,16260.51666666,15028.96666666,15225.78333333,15079.28333333,
1708039605000,15817.21666666,15188.35,15087.21666666,16090.56666666,15008.33333333,15117.2,15057.86666666,
1708039610000,16098.45,15327.15,15131.53333333,16187.33333333,14954.78333333,15179.61666666,15000.78333333,
1708039615000,16356.31666666,15473.48333333,15154.13333333,16205.65,14991.7,15197.78333333,15039.55,
1708039620000,16476.43333333,15785.45,15552.06666666,16605.5,15371.0,15581.63333333,15408.35,
1708039625000,16274.28333333,15619.93333333,15617.18333333,16702.26666666,15495.43333333,15653.86666666,15540.05,
1708039630000,16808.48333333,15902.91666666,15531.3,16582.03333333,15393.36666666,15479.06666666,15459.91666666,
1708039635000,16860.38333333,15938.73333333,15878.4,16946.85,15745.63333333,15871.41666666,15795.3,
1708039640000,16746.25,15859.76666666,15928.21666666,17010.36666666,15784.63333333,15929.5,15835.48333333,
1708039645000,18033.43333333,16927.81666666,15836.98333333,16909.48333333,15698.51666666,15827.48333333,15751.25,
1708039650000,17559.96666666,16647.55,17092.8,18223.6,16992.61666666,17010.31666666,17044.65,
1708039655000,17101.08333333,16050.66666666,16490.93333333,17632.88333333,16331.36666666,16536.98333333,16363.7,
1708039660000,17447.6,16701.51666666,16158.41666666,17244.25,16058.55,16113.86666666,16089.71666666,
1708039665000,17812.46666666,16977.46666666,16600.46666666,17739.25,16359.2,16578.28333333,16400.56666666,
1708039670000,17925.66666666,17008.55,16858.61666666,17995.41666666,16709.83333333,16841.56666666,16755.5,
1708039675000,18624.33333333,17612.96666666,17163.3,18299.63333333,17061.88333333,17101.33333333,17112.96666666,
1708039680000,18824.51666666,17474.81666666,17551.21666666,18700.96666666,17458.81666666,17482.21666666,17506.31666666,
1708039685000,18871.36666666,17593.78333333,17623.05,18808.51666666,17466.73333333,17564.21666666,17523.11666666,
1708039690000,18572.45,17625.78333333,17664.48333333,18852.98333333,17493.21666666,17664.75,17534.5,
1708039695000,18149.51666666,17301.05,17572.15,18799.43333333,17380.01666666,17586.06666666,17419.68333333,
1708039700000,18238.95,16989.36666666,17121.15,18314.88333333,16926.38333333,17168.58333333,16975.68333333,
1708039705000,17918.33333333,16920.75,17074.9,18223.88333333,16939.95,17034.98333333,16980.61666666,
1708039710000,17669.05,16719.23333333,16920.03333333,18063.41666666,16772.85,16899.5,16820.36666666,
1708039715000,17719.46666666,16810.95,16712.98333333,17826.33333333,16551.4,16691.31666666,16595.63333333,
1708039720000,18342.65,17026.96666666,16713.68333333,17911.68333333,16633.41666666,16738.41666666,16577.18333333,
1708039725000,18254.316666659997,17011.316666659997,17182.08333333,18316.0,17083.71666666,17107.83333333,17136.55,
1708039730000,18361.1,17267.733333329998,17158.0,18298.36666666,17059.0,17097.83333333,17112.233333329998,
1708039735000,18287.75,17309.05,17251.45,18443.233333329998,17095.6,17243.316666659997,17154.316666659997,
1708039740000,17956.0,17069.96666666,17269.45,18454.46666666,17115.316666659997,17256.78333333,17174.96666666,
1708039745000,17786.9,16940.95,17040.75,18196.13333333,16866.71666666,17025.816666659997,16906.71666666,
1708039750000,17803.45,16895.266666659998,16759.11666666,17916.93333333,16564.71666666,16811.1,16616.566666659997,
1708039755000,17791.983333329998,16803.016666659998,16770.233333329998,17899.3,16614.91666666,16779.91666666,16672.61666666,
1708039760000,18032.43333333,17136.05,16981.78333333,18123.16666666,16824.5,16961.21666666,16873.233333329998,
1708039765000,17740.516666659998,16916.5,17029.03333333,18188.266666659998,16863.35,17036.45,16926.0,
1708039770000,17690.85,16719.55,16892.983333329998,17875.75,16737.61666666,16792.2,16785.35,
1708039775000,17718.733333329998,16778.35,16919.566666659997,17856.83333333,16766.55,16697.66666666,16830.46666666,
1708039780000,17808.36666666,16942.0,16885.7,17955.83333333,16680.83333333,16819.18333333,16846.45,
1708039785000,17936.3,16895.38333333,16857.1,18017.78333333,16644.4,16899.46666666,16699.566666659997,
1708039790000,17783.66666666,16750.46666666,16892.75,18042.316666659997,16688.88333333,16867.6,16732.816666659997,
1708039795000,17713.75,16671.733333329998,16766.3,17873.016666659998,16591.13333333,16727.1,16629.08333333,
1708039800000,17686.266666659998,16712.13333333,16665.13333333,17800.35,16454.766666659998,16670.61666666,16498.63333333,
1708039805000,17835.28333333,16877.766666659998,16641.1,17759.2,16456.46666666,16662.21666666,16506.983333329998,
1708039810000,17742.25,16766.41666666,16880.983333329998,18013.38333333,16729.05,16865.91666666,16781.68333333,
1708039815000,17792.816666659997,16850.33333333,16761.63333333,17880.316666659997,16610.9,16746.25,16647.766666659998,
1708039820000,17716.83333333,16828.85,16658.21666666,17778.25,16685.6,16645.95,16738.4,
1708039825000,17740.63333333,16608.93333333,16897.65,18027.766666659998,16756.71666666,16857.316666659997,16794.86666666,
1708039830000,17618.816666659997,16675.65,16613.66666666,17907.0,16475.83333333,16711.28333333,16531.03333333,
1708039835000,17767.16666666,16697.15,16470.066666659997,17790.0,16322.266666659998,16656.15,16364.85,
1708039840000,17328.7,16464.9,16692.61666666,17817.68333333,16521.33333333,16679.95,16568.66666666,
1708039845000,16974.233333329998,16414.5,16377.9,17477.516666659998,16239.633333329999,16370.7,16257.58333333,
1708039850000,16932.18333333,16362.5,16243.9,17348.43333333,16098.75,16286.4,16144.66666666,
1708039855000,16758.53333333,16184.4,16173.3,17288.5,16005.516666659998,16226.81666666,16052.716666659999,
1708039860000,17094.45,16473.61666666,16034.133333329999,17119.233333329998,15887.266666659998,16051.466666659999,15933.366666659998,
1708039865000,16805.91666666,16127.783333329999,16392.4,17499.316666659997,16239.533333329999,16386.016666659998,16288.43333333,
1708039870000,16603.41666666,15937.7,16111.133333329999,17205.75,15998.133333329999,16100.033333329999,16045.66666666,
1708039875000,16786.18333333,16061.06666666,15928.633333329999,17022.18333333,15790.7,15916.85,15841.56666666,
1708039880000,,,,,,16042.366666659998,,
1708039885000,40.75,28.1,0.0,0.0,0.0,0.0,0.0,
1708039890000,,804.7833333333,33.3833333333,41.5833333333,30.65,25.383333333333002,26.983333333333004,
1708039895000,0.0,0.0,0.0,0.0,0.0,0.0,0.0,
1708039900000,1041.0666666666,923.2833333333,0.0,0.0,0.0,0.0,0.0,
1708039905000,,0.0,,,,990.3666666665999,,
1708039910000,616.2,472.25,0.0,0.0,0.0,,0.0,
1708039915000,,1949.3166666666,590.15,626.6166666666,617.9833333333,544.65,612.9333333333,
1708039920000,,,,,,,,
1708039965000,0.0,0.0,0.0,0.0,0.0,0.0,0.0,0.0
1708039970000,0.0,0.0,0.0,0.0,0.0,0.0,0.0,0.0
1708039975000,1.216666666666,1.516666666666,1.383333333333,1.116666666666,1.316666666666,0.0,8.033333333333,1.5
1708039980000,113.0166666666,141.2166666666,185.8833333333,192.6,196.4166666666,31.716666666666,196.0333333333,196.1333333333
1708039985000,581.6833333333,609.5666666666,649.0666666666,675.2833333333,712.2666666666,188.3833333333,681.8,700.4666666666
1708039990000,1450.9666666666,1506.3666666666,1598.6666666666,1620.25,1688.6333333332998,661.8333333333,1631.2,1655.1
1708039995000,2294.1166666666,2342.0666666666,2364.7833333332997,2361.9166666666,2385.9666666666,1583.4,2379.75,2337.0666666666
1708040000000,3413.53333333,3394.83333333,3436.95,3425.61666667,3460.73333333,2307.9833333333,3456.11666667,3383.3
1708040005000,4374.35,4369.18333333,4414.11666667,4409.15,4451.6,3346.58333333,4435.48333333,4349.13333333
1708040010000,5400.66666667,5373.1,5428.41666667,5426.36666667,5480.03333333,4298.61666667,5465.36666667,5361.43333333
1708040015000,6395.35,6246.41666667,6423.633333329999,6446.233333329999,6512.016666670001,5301.93333333,6496.9,6483.85
1708040020000,7561.01666666,7762.35,7836.51666666,7829.53333333,8004.983333329999,6292.116666670001,7885.883333329999,7821.733333329999
1708040025000,9100.58333333,9029.133333329999,9244.65,9265.1,9436.55,7647.33333333,9342.48333333,9230.08333333
1708040030000,10374.383333329999,10128.01666666,10382.66666666,10399.66666666,10614.8,9055.71666666,10524.23333333,10379.71666666
1708040035000,11695.266666659998,11618.8,11763.18333333,11761.15,11868.08333333,10159.68333333,11832.783333329999,11607.383333329999
1708040040000,12656.91666666,12598.5,12865.3,12870.75,12991.5,11460.8,12959.65,12703.98333333
1708040045000,12982.98333333,12997.2,13089.75,13047.05,13145.91666666,12480.8,13136.35,12933.766666659998
1708040050000,13326.93333333,13221.133333329999,13470.91666666,13463.716666659999,13538.616666659998,12746.56666666,13558.31666666,13237.48333333
1708040055000,13926.1,13793.7,14061.133333329999,14086.08333333,14323.4,13152.65,14197.91666666,14004.466666659999
1708040060000,14315.383333329999,14268.5,14391.33333333,14387.4,14521.45,13760.383333329999,14484.83333333,14206.283333329999
1708040065000,14479.5,14436.766666659998,14793.48333333,14783.133333329999,14923.05,14055.41666666,14892.95,14601.0
1708040070000,14884.383333329999,14867.9,15094.23333333,15108.58333333,15328.23333333,14449.8,15217.23333333,14989.0
1708040075000,14964.75,14841.83333333,15022.35,15022.2,15161.05,14758.0,15123.5,14714.466666659999
1708040080000,15944.81666666,15504.35,15805.9,15795.45,15846.033333329999,14681.15,15906.66666666,15499.23333333
1708040085000,15332.43333333,15457.81666666,15469.216666659999,15450.56666666,15638.216666659999,15433.266666659998,15580.466666659999,15298.15
1708040090000,16000.31666666,15922.65,16087.33333333,16063.6,16222.8,15111.616666659998,16176.58333333,15867.83333333
1708040095000,,15755.68333333,16052.43333333,16034.08333333,,15693.966666659999,,
