,flink_taskmanager_job_task_numRecordsInPerSecond,flink_taskmanager_job_task_numRecordsInPerSecond,flink_taskmanager_job_task_numRecordsInPerSecond,flink_taskmanager_job_task_numRecordsInPerSecond,flink_taskmanager_job_task_numRecordsInPerSecond,flink_taskmanager_job_task_numRecordsInPerSecond,flink_taskmanager_job_task_numRecordsInPerSecond,flink_taskmanager_job_task_numRecordsInPerSecond,flink_taskmanager_job_task_numRecordsInPerSecond,flink_taskmanager_job_task_numRecordsInPerSecond,flink_taskmanager_job_task_numRecordsInPerSecond,flink_taskmanager_job_task_numRecordsInPerSecond,flink_taskmanager_job_task_numRecordsInPerSecond,flink_taskmanager_job_task_numRecordsInPerSecond,flink_taskmanager_job_task_numRecordsInPerSecond,flink_taskmanager_job_task_numRecordsInPerSecond,flink_taskmanager_job_task_numRecordsInPerSecond,flink_taskmanager_job_task_numRecordsInPerSecond,flink_taskmanager_job_task_numRecordsInPerSecond,flink_taskmanager_job_task_numRecordsInPerSecond,flink_taskmanager_job_task_numRecordsInPerSecond,flink_taskmanager_job_task_numRecordsInPerSecond,flink_taskmanager_job_task_numRecordsInPerSecond,flink_taskmanager_job_task_numRecordsInPerSecond,flink_taskmanager_job_task_numRecordsInPerSecond,flink_taskmanager_job_task_numRecordsInPerSecond,flink_taskmanager_job_task_numRecordsInPerSecond,flink_taskmanager_job_task_numRecordsInPerSecond,flink_taskmanager_job_task_numRecordsInPerSecond,flink_taskmanager_job_task_numRecordsInPerSecond,flink_taskmanager_job_task_numRecordsInPerSecond,flink_taskmanager_job_task_numRecordsInPerSecond,flink_taskmanager_job_task_numRecordsInPerSecond,flink_taskmanager_job_task_numRecordsInPerSecond,flink_taskmanager_job_task_numRecordsInPerSecond,flink_taskmanager_job_task_numRecordsInPerSecond,flink_taskmanager_job_task_numRecordsInPerSecond,flink_taskmanager_job_task_numRecordsInPerSecond,flink_taskmanager_job_task_numRecordsInPerSecond,flink_taskmanager_job_task_numRecordsInPerSecond,flink_taskmanager_job_task_numRecordsInPerSecond,flink_taskmanager_job_task_numRecordsInPerSecond,flink_taskmanager_job_task_numRecordsInPerSecond,flink_taskmanager_job_task_numRecordsInPerSecond,flink_taskmanager_job_task_numRecordsInPerSecond,flink_taskmanager_job_task_numRecordsInPerSecond,flink_taskmanager_job_task_numRecordsInPerSecond,flink_taskmanager_job_task_numRecordsInPerSecond,flink_taskmanager_job_task_numRecordsInPerSecond,flink_taskmanager_job_task_numRecordsInPerSecond,flink_taskmanager_job_task_numRecordsInPerSecond,flink_taskmanager_job_task_numRecordsInPerSecond
,TumblingEventTimeWindows____Timestamps_Watermarks,TumblingEventTimeWindows____Timestamps_Watermarks,TumblingEventTimeWindows____Timestamps_Watermarks,TumblingEventTimeWindows____Timestamps_Watermarks,TumblingEventTimeWindows____Timestamps_Watermarks,TumblingEventTimeWindows____Timestamps_Watermarks,TumblingEventTimeWindows____Timestamps_Watermarks,TumblingEventTimeWindows____Timestamps_Watermarks,TumblingEventTimeWindows____Timestamps_Watermarks,TumblingEventTimeWindows____Timestamps_Watermarks,TumblingEventTimeWindows____Timestamps_Watermarks,TumblingEventTimeWindows____Timestamps_Watermarks,TumblingEventTimeWindows____Timestamps_Watermarks,TumblingEventTimeWindows____Timestamps_Watermarks,TumblingEventTimeWindows____Timestamps_Watermarks,TumblingEventTimeWindows____Timestamps_Watermarks,TumblingEventTimeWindows____Timestamps_Watermarks,TumblingEventTimeWindows____Timestamps_Watermarks,TumblingEventTimeWindows____Timestamps_Watermarks,TumblingEventTimeWindows____Timestamps_Watermarks,TumblingEventTimeWindows____Timestamps_Watermarks,TumblingEventTimeWindows____Timestamps_Watermarks,TumblingEventTimeWindows____Timestamps_Watermarks,TumblingEventTimeWindows____Timestamps_Watermarks,TumblingEventTimeWindows____Timestamps_Watermarks,TumblingEventTimeWindows____Timestamps_Watermarks,TumblingEventTimeWindows____Timestamps_Watermarks,TumblingEventTimeWindows____Timestamps_Watermarks,TumblingEventTimeWindows____Timestamps_Watermarks,TumblingEventTimeWindows____Timestamps_Watermarks,TumblingEventTimeWindows____Timestamps_Watermarks,TumblingEventTimeWindows____Timestamps_Watermarks,TumblingEventTimeWindows____Timestamps_Watermarks,TumblingEventTimeWindows____Timestamps_Watermarks,TumblingEventTimeWindows____Timestamps_Watermarks,TumblingEventTimeWindows____Timestamps_Watermarks,TumblingEventTimeWindows____Timestamps_Watermarks,TumblingEventTimeWindows____Timestamps_Watermarks,TumblingEventTimeWindows____Timestamps_Watermarks,TumblingEventTimeWindows____Timestamps_Watermarks,TumblingEventTimeWindows____Timestamps_Watermarks,TumblingEventTimeWindows____Timestamps_Watermarks,TumblingEventTimeWindows____Timestamps_Watermarks,TumblingEventTimeWindows____Timestamps_Watermarks,TumblingEventTimeWindows____Timestamps_Watermarks,TumblingEventTimeWindows____Timestamps_Watermarks,TumblingEventTimeWindows____Timestamps_Watermarks,TumblingEventTimeWindows____Timestamps_Watermarks,TumblingEventTimeWindows____Timestamps_Watermarks,TumblingEventTimeWindows____Timestamps_Watermarks,TumblingEventTimeWindows____Timestamps_Watermarks,TumblingEventTimeWindows____Timestamps_Watermarks
,0,1,2,3,4,5,6,7,8,9,10,11,12,13,14,15,16,17,18,19,20,21,22,23,24,25,26,27,28,29,30,31,32,33,34,35,36,37,38,39,40,41,42,43,44,45,46,47,48,49,50,51
Timestamp,,,,,,,,,,,,,,,,,,,,,,,,,,,,,,,,,,,,,,,,,,,,,,,,,,,,
1736796945000,0.0,,,,,,,,,,,,,,,,,,,,,,,,,,,,,,,,,,,,,,,,,,,,,,,,,,,
1736796950000,0.0,,,,,,,,,,,,,,,,,,,,,,,,,,,,,,,,,,,,,,,,,,,,,,,,,,,
1736796955000,1008.6333333333,,,,,,,,,,,,,,,,,,,,,,,,,,,,,,,,,,,,,,,,,,,,,,,,,,,
1736796960000,3118.7166666666,,,,,,,,,,,,,,,,,,,,,,,,,,,,,,,,,,,,,,,,,,,,,,,,,,,
1736796965000,8908.23333333,,,,,,,,,,,,,,,,,,,,,,,,,,,,,,,,,,,,,,,,,,,,,,,,,,,
1736796970000,12958.81666666,,,,,,,,,,,,,,,,,,,,,,,,,,,,,,,,,,,,,,,,,,,,,,,,,,,
1736796975000,17343.1,,,,,,,,,,,,,,,,,,,,,,,,,,,,,,,,,,,,,,,,,,,,,,,,,,,
1736796980000,23346.46666666,,,,,,,,,,,,,,,,,,,,,,,,,,,,,,,,,,,,,,,,,,,,,,,,,,,
1736796985000,24218.56666666,,,,,,,,,,,,,,,,,,,,,,,,,,,,,,,,,,,,,,,,,,,,,,,,,,,
1736796990000,29235.71666666,,,,,,,,,,,,,,,,,,,,,,,,,,,,,,,,,,,,,,,,,,,,,,,,,,,
1736796995000,30000.333333330003,,,,,,,,,,,,,,,,,,,,,,,,,,,,,,,,,,,,,,,,,,,,,,,,,,,
1736797000000,30989.4,,,,,,,,,,,,,,,,,,,,,,,,,,,,,,,,,,,,,,,,,,,,,,,,,,,
1736797005000,35161.7,,,,,,,,,,,,,,,,,,,,,,,,,,,,,,,,,,,,,,,,,,,,,,,,,,,
1736797010000,36521.56666666,,,,,,,,,,,,,,,,,,,,,,,,,,,,,,,,,,,,,,,,,,,,,,,,,,,
1736797015000,35512.93333333,,,,,,,,,,,,,,,,,,,,,,,,,,,,,,,,,,,,,,,,,,,,,,,,,,,
1736797020000,37345.13333333,,,,,,,,,,,,,,,,,,,,,,,,,,,,,,,,,,,,,,,,,,,,,,,,,,,
1736797025000,34631.38333333,,,,,,,,,,,,,,,,,,,,,,,,,,,,,,,,,,,,,,,,,,,,,,,,,,,
1736797030000,30580.8,,,,,,,,,,,,,,,,,,,,,,,,,,,,,,,,,,,,,,,,,,,,,,,,,,,
1736797035000,27739.78333333,,,,,,,,,,,,,,,,,,,,,,,,,,,,,,,,,,,,,,,,,,,,,,,,,,,
1736797040000,25062.35,,,,,,,,,,,,,,,,,,,,,,,,,,,,,,,,,,,,,,,,,,,,,,,,,,,
1736797045000,24190.25,,,,,,,,,,,,,,,,,,,,,,,,,,,,,,,,,,,,,,,,,,,,,,,,,,,
1736797050000,19173.1,,,,,,,,,,,,,,,,,,,,,,,,,,,,,,,,,,,,,,,,,,,,,,,,,,,
1736797055000,18928.91666666,,,,,,,,,,,,,,,,,,,,,,,,,,,,,,,,,,,,,,,,,,,,,,,,,,,
1736797060000,20444.95,,,,,,,,,,,,,,,,,,,,,,,,,,,,,,,,,,,,,,,,,,,,,,,,,,,
1736797065000,22327.25,,,,,,,,,,,,,,,,,,,,,,,,,,,,,,,,,,,,,,,,,,,,,,,,,,,
1736797070000,25216.36666666,,,,,,,,,,,,,,,,,,,,,,,,,,,,,,,,,,,,,,,,,,,,,,,,,,,
1736797075000,28225.0,,,,,,,,,,,,,,,,,,,,,,,,,,,,,,,,,,,,,,,,,,,,,,,,,,,
1736797080000,28909.85,,,,,,,,,,,,,,,,,,,,,,,,,,,,,,,,,,,,,,,,,,,,,,,,,,,
1736797085000,31287.75,,,,,,,,,,,,,,,,,,,,,,,,,,,,,,,,,,,,,,,,,,,,,,,,,,,
1736797090000,31287.75,,,,,,,,,,,,,,,,,,,,,,,,,,,,,,,,,,,,,,,,,,,,,,,,,,,
1736797095000,33437.76666666,,,,,,,,,,,,,,,,,,,,,,,,,,,,,,,,,,,,,,,,,,,,,,,,,,,
1736797100000,32598.3,,,,,,,,,,,,,,,,,,,,,,,,,,,,,,,,,,,,,,,,,,,,,,,,,,,
1736797105000,32598.3,,,,,,,,,,,,,,,,,,,,,,,,,,,,,,,,,,,,,,,,,,,,,,,,,,,
1736797110000,36528.733333330005,,,,,,,,,,,,,,,,,,,,,,,,,,,,,,,,,,,,,,,,,,,,,,,,,,,
1736797115000,36008.3,,,,,,,,,,,,,,,,,,,,,,,,,,,,,,,,,,,,,,,,,,,,,,,,,,,
1736797120000,33503.2,,,,,,,,,,,,,,,,,,,,,,,,,,,,,,,,,,,,,,,,,,,,,,,,,,,
1736797125000,28769.633333330003,,,,,,,,,,,,,,,,,,,,,,,,,,,,,,,,,,,,,,,,,,,,,,,,,,,
1736797130000,28451.1,,,,,,,,,,,,,,,,,,,,,,,,,,,,,,,,,,,,,,,,,,,,,,,,,,,
1736797135000,28021.833333330003,,,,,,,,,,,,,,,,,,,,,,,,,,,,,,,,,,,,,,,,,,,,,,,,,,,
1736797140000,28043.28333333,,,,,,,,,,,,,,,,,,,,,,,,,,,,,,,,,,,,,,,,,,,,,,,,,,,
1736797145000,27581.266666659998,,,,,,,,,,,,,,,,,,,,,,,,,,,,,,,,,,,,,,,,,,,,,,,,,,,
1736797150000,33366.78333333,,,,,,,,,,,,,,,,,,,,,,,,,,,,,,,,,,,,,,,,,,,,,,,,,,,
1736797155000,31383.7,,,,,,,,,,,,,,,,,,,,,,,,,,,,,,,,,,,,,,,,,,,,,,,,,,,
1736797160000,32904.75,,,,,,,,,,,,,,,,,,,,,,,,,,,,,,,,,,,,,,,,,,,,,,,,,,,
1736797165000,36276.61666666,,,,,,,,,,,,,,,,,,,,,,,,,,,,,,,,,,,,,,,,,,,,,,,,,,,
1736797170000,35104.983333330005,,,,,,,,,,,,,,,,,,,,,,,,,,,,,,,,,,,,,,,,,,,,,,,,,,,
1736797175000,35104.983333330005,,,,,,,,,,,,,,,,,,,,,,,,,,,,,,,,,,,,,,,,,,,,,,,,,,,
1736797180000,36619.45,,,,,,,,,,,,,,,,,,,,,,,,,,,,,,,,,,,,,,,,,,,,,,,,,,,
1736797185000,35298.41666666,,,,,,,,,,,,,,,,,,,,,,,,,,,,,,,,,,,,,,,,,,,,,,,,,,,
1736797190000,31895.95,,,,,,,,,,,,,,,,,,,,,,,,,,,,,,,,,,,,,,,,,,,,,,,,,,,
1736797195000,,,,,,,,,,,,,,,,,,,,,,,,,,,,,,,,,,,,,,,,,,,,,,,,,,,,
1736797220000,0.0,,,,,,,,,,,,,,,,,,,,,,,,,,,,,,,,,,,,,,,,,,,,,,,,,,,
1736797225000,0.0,0.0,,,,,,,,,,,,,,,,,,,,,,,,,,,,,,,,,,,,,,,,,,,,,,,,,,
1736797230000,2966.4333333332997,2955.35,,,,,,,,,,,,,,,,,,,,,,,,,,,,,,,,,,,,,,,,,,,,,,,,,,
1736797235000,6359.6,8046.56666666,,,,,,,,,,,,,,,,,,,,,,,,,,,,,,,,,,,,,,,,,,,,,,,,,,
1736797240000,9638.35,11540.55,,,,,,,,,,,,,,,,,,,,,,,,,,,,,,,,,,,,,,,,,,,,,,,,,,
1736797245000,12898.883333329999,12837.68333333,,,,,,,,,,,,,,,,,,,,,,,,,,,,,,,,,,,,,,,,,,,,,,,,,,
1736797250000,13639.15,14443.3,,,,,,,,,,,,,,,,,,,,,,,,,,,,,,,,,,,,,,,,,,,,,,,,,,
1736797255000,16532.5,18638.816666659997,,,,,,,,,,,,,,,,,,,,,,,,,,,,,,,,,,,,,,,,,,,,,,,,,,
1736797260000,21823.96666666,22353.45,,,,,,,,,,,,,,,,,,,,,,,,,,,,,,,,,,,,,,,,,,,,,,,,,,
1736797265000,25183.15,25989.883333330003,,,,,,,,,,,,,,,,,,,,,,,,,,,,,,,,,,,,,,,,,,,,,,,,,,
1736797270000,28663.7,29957.566666659997,,,,,,,,,,,,,,,,,,,,,,,,,,,,,,,,,,,,,,,,,,,,,,,,,,
1736797275000,31644.7,33692.61666666,,,,,,,,,,,,,,,,,,,,,,,,,,,,,,,,,,,,,,,,,,,,,,,,,,
1736797280000,33875.65,33972.03333333,,,,,,,,,,,,,,,,,,,,,,,,,,,,,,,,,,,,,,,,,,,,,,,,,,
1736797285000,36546.38333333,36661.01666666,,,,,,,,,,,,,,,,,,,,,,,,,,,,,,,,,,,,,,,,,,,,,,,,,,
1736797290000,33862.16666666,33953.88333333,,,,,,,,,,,,,,,,,,,,,,,,,,,,,,,,,,,,,,,,,,,,,,,,,,
1736797295000,33412.31666666,31663.266666659998,,,,,,,,,,,,,,,,,,,,,,,,,,,,,,,,,,,,,,,,,,,,,,,,,,
1736797300000,30903.6,30092.5,,,,,,,,,,,,,,,,,,,,,,,,,,,,,,,,,,,,,,,,,,,,,,,,,,
1736797305000,30138.2,30031.71666666,,,,,,,,,,,,,,,,,,,,,,,,,,,,,,,,,,,,,,,,,,,,,,,,,,
1736797310000,31005.61666666,31155.11666666,,,,,,,,,,,,,,,,,,,,,,,,,,,,,,,,,,,,,,,,,,,,,,,,,,
1736797315000,29256.7,27583.28333333,,,,,,,,,,,,,,,,,,,,,,,,,,,,,,,,,,,,,,,,,,,,,,,,,,
1736797320000,24604.583333330003,23868.65,,,,,,,,,,,,,,,,,,,,,,,,,,,,,,,,,,,,,,,,,,,,,,,,,,
1736797325000,21710.766666659998,21293.266666659998,,,,,,,,,,,,,,,,,,,,,,,,,,,,,,,,,,,,,,,,,,,,,,,,,,
1736797330000,21865.016666659998,21705.28333333,,,,,,,,,,,,,,,,,,,,,,,,,,,,,,,,,,,,,,,,,,,,,,,,,,
1736797335000,22862.0,22750.8,,,,,,,,,,,,,,,,,,,,,,,,,,,,,,,,,,,,,,,,,,,,,,,,,,
1736797340000,25778.66666666,26256.566666659997,,,,,,,,,,,,,,,,,,,,,,,,,,,,,,,,,,,,,,,,,,,,,,,,,,
1736797345000,26866.9,27970.35,,,,,,,,,,,,,,,,,,,,,,,,,,,,,,,,,,,,,,,,,,,,,,,,,,
1736797350000,30751.266666659998,31300.25,,,,,,,,,,,,,,,,,,,,,,,,,,,,,,,,,,,,,,,,,,,,,,,,,,
1736797355000,28712.61666666,28949.21666666,,,,,,,,,,,,,,,,,,,,,,,,,,,,,,,,,,,,,,,,,,,,,,,,,,
1736797360000,31038.516666659998,29660.48333333,,,,,,,,,,,,,,,,,,,,,,,,,,,,,,,,,,,,,,,,,,,,,,,,,,
1736797365000,29046.516666659998,30028.883333330003,,,,,,,,,,,,,,,,,,,,,,,,,,,,,,,,,,,,,,,,,,,,,,,,,,
1736797370000,29966.96666666,28695.48333333,,,,,,,,,,,,,,,,,,,,,,,,,,,,,,,,,,,,,,,,,,,,,,,,,,
1736797375000,30708.633333330003,31429.266666659998,,,,,,,,,,,,,,,,,,,,,,,,,,,,,,,,,,,,,,,,,,,,,,,,,,
1736797380000,31520.03333333,31825.25,,,,,,,,,,,,,,,,,,,,,,,,,,,,,,,,,,,,,,,,,,,,,,,,,,
1736797385000,31773.6,31049.066666659997,,,,,,,,,,,,,,,,,,,,,,,,,,,,,,,,,,,,,,,,,,,,,,,,,,
1736797390000,28138.8,27199.55,,,,,,,,,,,,,,,,,,,,,,,,,,,,,,,,,,,,,,,,,,,,,,,,,,
1736797395000,26865.75,25831.583333330003,,,,,,,,,,,,,,,,,,,,,,,,,,,,,,,,,,,,,,,,,,,,,,,,,,
1736797400000,26379.75,27150.98333333,,,,,,,,,,,,,,,,,,,,,,,,,,,,,,,,,,,,,,,,,,,,,,,,,,
1736797405000,27440.46666666,26139.2,,,,,,,,,,,,,,,,,,,,,,,,,,,,,,,,,,,,,,,,,,,,,,,,,,
1736797410000,26532.25,26735.1,,,,,,,,,,,,,,,,,,,,,,,,,,,,,,,,,,,,,,,,,,,,,,,,,,
1736797415000,29967.5,30591.16666666,,,,,,,,,,,,,,,,,,,,,,,,,,,,,,,,,,,,,,,,,,,,,,,,,,
1736797420000,31324.61666666,31177.0,,,,,,,,,,,,,,,,,,,,,,,,,,,,,,,,,,,,,,,,,,,,,,,,,,
1736797425000,31187.03333333,31246.316666659997,,,,,,,,,,,,,,,,,,,,,,,,,,,,,,,,,,,,,,,,,,,,,,,,,,
1736797430000,31458.86666666,31331.73333333,,,,,,,,,,,,,,,,,,,,,,,,,,,,,,,,,,,,,,,,,,,,,,,,,,
1736797435000,31374.91666666,30714.083333330003,,,,,,,,,,,,,,,,,,,,,,,,,,,,,,,,,,,,,,,,,,,,,,,,,,
1736797440000,30885.1,31233.133333330003,,,,,,,,,,,,,,,,,,,,,,,,,,,,,,,,,,,,,,,,,,,,,,,,,,
1736797445000,33661.8,33521.03333333,,,,,,,,,,,,,,,,,,,,,,,,,,,,,,,,,,,,,,,,,,,,,,,,,,
1736797450000,34337.43333333,33672.31666666,,,,,,,,,,,,,,,,,,,,,,,,,,,,,,,,,,,,,,,,,,,,,,,,,,
1736797455000,31632.5,30259.71666666,,,,,,,,,,,,,,,,,,,,,,,,,,,,,,,,,,,,,,,,,,,,,,,,,,
1736797460000,27463.2,26233.71666666,,,,,,,,,,,,,,,,,,,,,,,,,,,,,,,,,,,,,,,,,,,,,,,,,,
1736797465000,26398.15,27841.41666666,,,,,,,,,,,,,,,,,,,,,,,,,,,,,,,,,,,,,,,,,,,,,,,,,,
1736797470000,27873.316666659997,27409.266666659998,,,,,,,,,,,,,,,,,,,,,,,,,,,,,,,,,,,,,,,,,,,,,,,,,,
1736797475000,,,,,,,,,,,,,,,,,,,,,,,,,,,,,,,,,,,,,,,,,,,,,,,,,,,,
1736797495000,,,0.0,0.0,,,,,,,,,,,,,,,,,,,,,,,,,,,,,,,,,,,,,,,,,,,,,,,,
1736797500000,0.0,0.0,0.0,0.0,,,,,,,,,,,,,,,,,,,,,,,,,,,,,,,,,,,,,,,,,,,,,,,,
1736797505000,1248.7833333333,2651.6666666666,2900.9833333333,2878.1333333333,,,,,,,,,,,,,,,,,,,,,,,,,,,,,,,,,,,,,,,,,,,,,,,,
1736797510000,4604.35,5358.03333333,5378.11666667,5337.73333333,,,,,,,,,,,,,,,,,,,,,,,,,,,,,,,,,,,,,,,,,,,,,,,,
1736797515000,7812.233333329999,8442.86666666,8836.31666666,8773.86666666,,,,,,,,,,,,,,,,,,,,,,,,,,,,,,,,,,,,,,,,,,,,,,,,
1736797520000,9679.5,9624.18333333,9644.18333333,9570.283333329999,,,,,,,,,,,,,,,,,,,,,,,,,,,,,,,,,,,,,,,,,,,,,,,,
1736797525000,10698.6,11064.68333333,11336.283333329999,11331.033333329999,,,,,,,,,,,,,,,,,,,,,,,,,,,,,,,,,,,,,,,,,,,,,,,,
1736797530000,13213.966666659999,14057.533333329999,14124.41666666,14017.65,,,,,,,,,,,,,,,,,,,,,,,,,,,,,,,,,,,,,,,,,,,,,,,,
1736797535000,15671.6,16606.25,17212.516666659998,17109.25,,,,,,,,,,,,,,,,,,,,,,,,,,,,,,,,,,,,,,,,,,,,,,,,
1736797540000,18906.016666659998,20286.61666666,20644.83333333,20482.43333333,,,,,,,,,,,,,,,,,,,,,,,,,,,,,,,,,,,,,,,,,,,,,,,,
1736797545000,22839.4,24005.2,24232.41666666,24052.266666659998,,,,,,,,,,,,,,,,,,,,,,,,,,,,,,,,,,,,,,,,,,,,,,,,
1736797550000,24704.55,24789.11666666,25045.16666666,24890.6,,,,,,,,,,,,,,,,,,,,,,,,,,,,,,,,,,,,,,,,,,,,,,,,
1736797555000,26386.53333333,26494.35,26946.23333333,26760.61666666,,,,,,,,,,,,,,,,,,,,,,,,,,,,,,,,,,,,,,,,,,,,,,,,
1736797560000,27826.53333333,28426.36666666,28954.85,28824.53333333,,,,,,,,,,,,,,,,,,,,,,,,,,,,,,,,,,,,,,,,,,,,,,,,
1736797565000,28692.066666659997,27341.96666666,27203.98333333,27101.9,,,,,,,,,,,,,,,,,,,,,,,,,,,,,,,,,,,,,,,,,,,,,,,,
1736797570000,26962.0,26446.45,26834.183333330002,26639.21666666,,,,,,,,,,,,,,,,,,,,,,,,,,,,,,,,,,,,,,,,,,,,,,,,
1736797575000,25614.8,25338.633333330003,25337.75,25171.91666666,,,,,,,,,,,,,,,,,,,,,,,,,,,,,,,,,,,,,,,,,,,,,,,,
1736797580000,25518.41666666,25838.78333333,26139.73333333,25987.933333330002,,,,,,,,,,,,,,,,,,,,,,,,,,,,,,,,,,,,,,,,,,,,,,,,
1736797585000,25957.23333333,25457.316666659997,25275.766666659998,24998.96666666,,,,,,,,,,,,,,,,,,,,,,,,,,,,,,,,,,,,,,,,,,,,,,,,
1736797590000,23476.133333330003,22640.28333333,22662.58333333,22484.28333333,,,,,,,,,,,,,,,,,,,,,,,,,,,,,,,,,,,,,,,,,,,,,,,,
1736797595000,22103.71666666,21424.066666659997,20893.66666666,20947.13333333,,,,,,,,,,,,,,,,,,,,,,,,,,,,,,,,,,,,,,,,,,,,,,,,
1736797600000,21710.03333333,21123.46666666,21391.68333333,21305.066666659997,,,,,,,,,,,,,,,,,,,,,,,,,,,,,,,,,,,,,,,,,,,,,,,,
1736797605000,21605.766666659998,21271.65,21329.11666666,21260.0,,,,,,,,,,,,,,,,,,,,,,,,,,,,,,,,,,,,,,,,,,,,,,,,
1736797610000,23266.23333333,23842.433333330002,23703.36666666,23479.16666666,,,,,,,,,,,,,,,,,,,,,,,,,,,,,,,,,,,,,,,,,,,,,,,,
1736797615000,24680.41666666,25382.55,25412.03333333,25186.516666659998,,,,,,,,,,,,,,,,,,,,,,,,,,,,,,,,,,,,,,,,,,,,,,,,
1736797620000,26691.75,26022.98333333,25625.883333330003,25423.96666666,,,,,,,,,,,,,,,,,,,,,,,,,,,,,,,,,,,,,,,,,,,,,,,,
1736797625000,26298.65,25972.333333330003,26186.53333333,25874.23333333,,,,,,,,,,,,,,,,,,,,,,,,,,,,,,,,,,,,,,,,,,,,,,,,
1736797630000,26326.9,25808.3,25729.583333330003,25329.4,,,,,,,,,,,,,,,,,,,,,,,,,,,,,,,,,,,,,,,,,,,,,,,,
1736797635000,26386.98333333,25780.95,25568.45,25331.91666666,,,,,,,,,,,,,,,,,,,,,,,,,,,,,,,,,,,,,,,,,,,,,,,,
1736797640000,26293.8,25725.61666666,25553.61666666,25490.933333330002,,,,,,,,,,,,,,,,,,,,,,,,,,,,,,,,,,,,,,,,,,,,,,,,
1736797645000,26289.21666666,26346.75,26398.86666666,26190.066666659997,,,,,,,,,,,,,,,,,,,,,,,,,,,,,,,,,,,,,,,,,,,,,,,,
1736797650000,28116.5,28355.066666659997,28418.25,28192.46666666,,,,,,,,,,,,,,,,,,,,,,,,,,,,,,,,,,,,,,,,,,,,,,,,
1736797655000,28053.35,27457.683333330002,27540.21666666,27080.46666666,,,,,,,,,,,,,,,,,,,,,,,,,,,,,,,,,,,,,,,,,,,,,,,,
1736797660000,25212.61666666,24077.91666666,23609.883333330003,23349.35,,,,,,,,,,,,,,,,,,,,,,,,,,,,,,,,,,,,,,,,,,,,,,,,
1736797665000,22449.63333333,21957.9,22053.03333333,21831.91666666,,,,,,,,,,,,,,,,,,,,,,,,,,,,,,,,,,,,,,,,,,,,,,,,
1736797670000,21912.36666666,21674.75,21954.066666659997,21788.7,,,,,,,,,,,,,,,,,,,,,,,,,,,,,,,,,,,,,,,,,,,,,,,,
1736797675000,22434.21666666,22342.25,22643.15,22558.96666666,,,,,,,,,,,,,,,,,,,,,,,,,,,,,,,,,,,,,,,,,,,,,,,,
1736797680000,22683.41666666,23588.73333333,24316.0,24062.03333333,,,,,,,,,,,,,,,,,,,,,,,,,,,,,,,,,,,,,,,,,,,,,,,,
1736797685000,24377.766666659998,25294.316666659997,25537.883333330003,25442.16666666,,,,,,,,,,,,,,,,,,,,,,,,,,,,,,,,,,,,,,,,,,,,,,,,
1736797690000,25837.883333330003,26679.133333330003,26549.96666666,26531.4,,,,,,,,,,,,,,,,,,,,,,,,,,,,,,,,,,,,,,,,,,,,,,,,
1736797695000,25926.28333333,26434.66666666,26472.23333333,26256.566666659997,,,,,,,,,,,,,,,,,,,,,,,,,,,,,,,,,,,,,,,,,,,,,,,,
1736797700000,25732.41666666,26541.11666666,26615.016666659998,26214.25,,,,,,,,,,,,,,,,,,,,,,,,,,,,,,,,,,,,,,,,,,,,,,,,
1736797705000,25941.2,26301.28333333,26370.1,26174.11666666,,,,,,,,,,,,,,,,,,,,,,,,,,,,,,,,,,,,,,,,,,,,,,,,
1736797710000,26001.316666659997,25316.683333330002,25380.2,25191.75,,,,,,,,,,,,,,,,,,,,,,,,,,,,,,,,,,,,,,,,,,,,,,,,
1736797715000,26555.25,26391.5,26625.16666666,26459.05,,,,,,,,,,,,,,,,,,,,,,,,,,,,,,,,,,,,,,,,,,,,,,,,
1736797720000,28085.35,28025.516666659998,28091.683333330002,27874.55,,,,,,,,,,,,,,,,,,,,,,,,,,,,,,,,,,,,,,,,,,,,,,,,
1736797725000,27715.96666666,26870.23333333,26719.1,26448.03333333,,,,,,,,,,,,,,,,,,,,,,,,,,,,,,,,,,,,,,,,,,,,,,,,
1736797730000,24727.61666666,23798.683333330002,23824.41666666,23630.816666659997,,,,,,,,,,,,,,,,,,,,,,,,,,,,,,,,,,,,,,,,,,,,,,,,
1736797735000,21925.88333333,22139.016666659998,21876.75,21612.516666659998,,,,,,,,,,,,,,,,,,,,,,,,,,,,,,,,,,,,,,,,,,,,,,,,
1736797740000,22003.86666666,22293.266666659998,21804.11666666,21729.88333333,,,,,,,,,,,,,,,,,,,,,,,,,,,,,,,,,,,,,,,,,,,,,,,,
1736797745000,22108.2,22435.63333333,22126.58333333,21995.25,,,,,,,,,,,,,,,,,,,,,,,,,,,,,,,,,,,,,,,,,,,,,,,,
1736797750000,,20142.66666666,,,,,,,,,,,,,,,,,,,,,,,,,,,,,,,,,,,,,,,,,,,,,,,,,,
1736797755000,,,,,,,,,,,,,,,,,,,,,,,,,,,,,,,,,,,,,,,,,,,,,,,,,,,,
1736797775000,0.0,0.0,0.0,0.0,0.0,,0.0,0.0,,,,,,,,,,,,,,,,,,,,,,,,,,,,,,,,,,,,,,,,,,,,
1736797780000,195.3333333333,0.0,0.0,0.0,192.75,0.0,0.0,0.0,,,,,,,,,,,,,,,,,,,,,,,,,,,,,,,,,,,,,,,,,,,,
1736797785000,195.3333333333,199.3166666666,189.5,351.5166666666,1275.75,312.5,343.75,198.9833333333,,,,,,,,,,,,,,,,,,,,,,,,,,,,,,,,,,,,,,,,,,,,
1736797790000,1186.7,1351.7833333333,1265.2833333333,1943.9,2518.95,1860.5833333332998,1913.1,1340.0833333333,,,,,,,,,,,,,,,,,,,,,,,,,,,,,,,,,,,,,,,,,,,,
1736797795000,2538.7333333333,2689.6333333333,2515.2666666666,3044.9666666666,3994.41666667,2971.45,2960.35,2516.2833333332997,,,,,,,,,,,,,,,,,,,,,,,,,,,,,,,,,,,,,,,,,,,,
1736797800000,3809.5,4038.1,3986.23333333,4638.23333333,5672.38333333,4476.1,4512.63333333,4012.28333333,,,,,,,,,,,,,,,,,,,,,,,,,,,,,,,,,,,,,,,,,,,,
1736797805000,5731.66666667,5801.25,5639.41666667,6591.866666670001,7584.85,6395.66666667,6451.91666667,5748.18333333,,,,,,,,,,,,,,,,,,,,,,,,,,,,,,,,,,,,,,,,,,,,
1736797810000,7694.21666666,7732.8,7565.01666666,8333.883333329999,9322.15,8282.31666666,8186.66666666,7690.21666666,,,,,,,,,,,,,,,,,,,,,,,,,,,,,,,,,,,,,,,,,,,,
1736797815000,9336.35,9496.8,9307.35,10292.95,11386.633333329999,10114.45,10120.0,9463.35,,,,,,,,,,,,,,,,,,,,,,,,,,,,,,,,,,,,,,,,,,,,
1736797820000,11404.48333333,11573.81666666,11364.68333333,12424.73333333,12921.6,12230.06666666,12230.06666666,11500.95,,,,,,,,,,,,,,,,,,,,,,,,,,,,,,,,,,,,,,,,,,,,
1736797825000,12814.15,13023.83333333,12911.1,13558.116666659998,13723.81666666,13505.66666666,13350.15,12974.9,,,,,,,,,,,,,,,,,,,,,,,,,,,,,,,,,,,,,,,,,,,,
1736797830000,13597.266666659998,13832.58333333,13712.25,14400.73333333,15339.5,14461.25,14176.45,13782.56666666,,,,,,,,,,,,,,,,,,,,,,,,,,,,,,,,,,,,,,,,,,,,
1736797835000,15454.533333329999,15461.5,15329.25,15906.6,16681.0,15761.58333333,15631.45,15403.766666659998,,,,,,,,,,,,,,,,,,,,,,,,,,,,,,,,,,,,,,,,,,,,
1736797840000,16717.1,16827.266666659998,16667.55,17283.35,17744.78333333,17371.18333333,17019.88333333,16767.016666659998,,,,,,,,,,,,,,,,,,,,,,,,,,,,,,,,,,,,,,,,,,,,
1736797845000,17779.33333333,17918.3,17735.816666659997,17889.816666659997,17642.96666666,18009.36666666,17616.21666666,17851.75,,,,,,,,,,,,,,,,,,,,,,,,,,,,,,,,,,,,,,,,,,,,
1736797850000,17899.21666666,17960.516666659998,17648.85,17844.71666666,18289.55,17994.983333329998,17568.53333333,17900.88333333,,,,,,,,,,,,,,,,,,,,,,,,,,,,,,,,,,,,,,,,,,,,
1736797855000,18351.71666666,18379.3,18270.33333333,18212.53333333,17876.066666659997,18328.78333333,17967.61666666,18472.1,,,,,,,,,,,,,,,,,,,,,,,,,,,,,,,,,,,,,,,,,,,,
1736797860000,18054.16666666,17995.2,17854.75,17337.15,16198.1,17596.28333333,17137.08333333,17937.75,,,,,,,,,,,,,,,,,,,,,,,,,,,,,,,,,,,,,,,,,,,,
1736797865000,16305.05,16452.15,16201.56666666,15952.75,15949.75,16013.41666666,15595.883333329999,16419.58333333,,,,,,,,,,,,,,,,,,,,,,,,,,,,,,,,,,,,,,,,,,,,
1736797870000,16125.783333329999,16105.31666666,15954.366666659998,15995.6,16235.18333333,15965.8,15740.4,16042.5,,,,,,,,,,,,,,,,,,,,,,,,,,,,,,,,,,,,,,,,,,,,
1736797875000,16430.41666666,16266.48333333,16228.966666659999,16125.33333333,16106.016666659998,16184.383333329999,15864.35,16201.95,,,,,,,,,,,,,,,,,,,,,,,,,,,,,,,,,,,,,,,,,,,,
1736797880000,16280.56666666,16275.06666666,16099.6,16612.91666666,17370.58333333,16521.483333329998,16319.116666659998,16187.31666666,,,,,,,,,,,,,,,,,,,,,,,,,,,,,,,,,,,,,,,,,,,,
1736797885000,17772.65,17622.16666666,17343.566666659997,18055.96666666,18574.33333333,17986.75,17656.21666666,17512.766666659998,,,,,,,,,,,,,,,,,,,,,,,,,,,,,,,,,,,,,,,,,,,,
1736797890000,18965.4,18957.43333333,18684.733333329998,18934.75,18382.016666659998,18869.316666659997,18621.7,18882.58333333,,,,,,,,,,,,,,,,,,,,,,,,,,,,,,,,,,,,,,,,,,,,
1736797895000,18486.43333333,18627.03333333,18356.75,18597.85,18578.86666666,18901.266666659998,18347.7,18549.6,,,,,,,,,,,,,,,,,,,,,,,,,,,,,,,,,,,,,,,,,,,,
1736797900000,18791.16666666,18716.016666659998,18568.2,18979.266666659998,18855.9,18610.63333333,18606.75,18640.9,,,,,,,,,,,,,,,,,,,,,,,,,,,,,,,,,,,,,,,,,,,,
1736797905000,19054.58333333,19072.3,18843.46666666,19549.11666666,19505.88333333,19630.33333333,19247.35,18997.983333329998,,,,,,,,,,,,,,,,,,,,,,,,,,,,,,,,,,,,,,,,,,,,
1736797910000,19665.6,19432.816666659997,19484.8,19083.516666659998,18670.0,19182.65,18789.38333333,19356.983333329998,,,,,,,,,,,,,,,,,,,,,,,,,,,,,,,,,,,,,,,,,,,,
1736797915000,18727.45,18751.516666659998,18666.05,19078.8,19195.71666666,19208.21666666,18791.43333333,18679.93333333,,,,,,,,,,,,,,,,,,,,,,,,,,,,,,,,,,,,,,,,,,,,
1736797920000,19520.316666659997,19360.68333333,19196.63333333,19943.733333329998,20456.733333329998,19604.83333333,19530.4,19287.95,,,,,,,,,,,,,,,,,,,,,,,,,,,,,,,,,,,,,,,,,,,,
1736797925000,20534.816666659997,20487.233333329998,20456.86666666,20569.28333333,19750.53333333,20886.7,20414.4,20409.63333333,,,,,,,,,,,,,,,,,,,,,,,,,,,,,,,,,,,,,,,,,,,,
1736797930000,19818.78333333,19796.75,19736.16666666,19192.9,17951.93333333,19463.63333333,18923.36666666,19735.15,,,,,,,,,,,,,,,,,,,,,,,,,,,,,,,,,,,,,,,,,,,,
1736797935000,18088.96666666,18119.33333333,17944.6,18023.2,17576.58333333,18108.566666659997,17665.93333333,18028.58333333,,,,,,,,,,,,,,,,,,,,,,,,,,,,,,,,,,,,,,,,,,,,
1736797940000,17574.68333333,17641.43333333,17518.68333333,16995.566666659997,17081.566666659997,17150.68333333,16725.28333333,17629.0,,,,,,,,,,,,,,,,,,,,,,,,,,,,,,,,,,,,,,,,,,,,
1736797945000,17283.28333333,17270.45,17073.85,17346.41666666,17858.05,17339.7,17157.43333333,17218.53333333,,,,,,,,,,,,,,,,,,,,,,,,,,,,,,,,,,,,,,,,,,,,
1736797950000,17861.85,17861.58333333,17725.8,17947.75,18721.18333333,17950.816666659997,17682.96666666,17776.3,,,,,,,,,,,,,,,,,,,,,,,,,,,,,,,,,,,,,,,,,,,,
1736797955000,18933.45,18964.95,18721.88333333,19106.41666666,19331.35,18788.8,18716.55,18916.35,,,,,,,,,,,,,,,,,,,,,,,,,,,,,,,,,,,,,,,,,,,,
1736797960000,19527.38333333,19482.91666666,19303.66666666,19789.18333333,19688.566666659997,19860.43333333,19471.1,19411.8,,,,,,,,,,,,,,,,,,,,,,,,,,,,,,,,,,,,,,,,,,,,
1736797965000,19924.733333329998,19746.266666659998,19677.08333333,19527.566666659997,19173.2,19310.11666666,19204.2,19669.0,,,,,,,,,,,,,,,,,,,,,,,,,,,,,,,,,,,,,,,,,,,,
1736797970000,19264.566666659997,19473.816666659997,19119.16666666,19721.78333333,19744.25,19812.2,19420.35,19360.85,,,,,,,,,,,,,,,,,,,,,,,,,,,,,,,,,,,,,,,,,,,,
1736797975000,19998.83333333,19912.8,19733.55,19421.566666659997,19351.816666659997,19510.7,19115.28333333,19837.28333333,,,,,,,,,,,,,,,,,,,,,,,,,,,,,,,,,,,,,,,,,,,,
1736797980000,19531.233333329998,19580.516666659998,19329.9,19456.566666659997,19509.28333333,19964.733333329998,19252.316666659997,19483.066666659997,,,,,,,,,,,,,,,,,,,,,,,,,,,,,,,,,,,,,,,,,,,,
1736797985000,19767.7,19597.95,19500.86666666,19580.35,19578.35,19378.25,19215.35,19518.7,,,,,,,,,,,,,,,,,,,,,,,,,,,,,,,,,,,,,,,,,,,,
1736797990000,19632.266666659998,19832.9,19565.61666666,20386.55,20904.65,20472.71666666,20069.8,19754.233333329998,,,,,,,,,,,,,,,,,,,,,,,,,,,,,,,,,,,,,,,,,,,,
1736797995000,21046.86666666,21055.28333333,20892.45,20910.38333333,20456.58333333,21226.83333333,20689.86666666,20990.93333333,,,,,,,,,,,,,,,,,,,,,,,,,,,,,,,,,,,,,,,,,,,,
1736798000000,20747.983333329998,20563.4,20502.36666666,19851.733333329998,18256.93333333,20266.6,19599.41666666,20479.65,,,,,,,,,,,,,,,,,,,,,,,,,,,,,,,,,,,,,,,,,,,,
1736798005000,18137.63333333,18174.88333333,18195.13333333,17624.95,16854.33333333,17834.46666666,17366.18333333,18224.13333333,,,,,,,,,,,,,,,,,,,,,,,,,,,,,,,,,,,,,,,,,,,,
1736798010000,17039.7,16947.68333333,16859.63333333,16810.33333333,16945.86666666,16979.766666659998,16513.733333329998,16891.93333333,,,,,,,,,,,,,,,,,,,,,,,,,,,,,,,,,,,,,,,,,,,,
1736798015000,17085.38333333,16948.2,16939.3,17191.85,17165.733333329998,17423.483333329998,16982.45,16853.08333333,,,,,,,,,,,,,,,,,,,,,,,,,,,,,,,,,,,,,,,,,,,,
1736798020000,17200.33333333,17362.78333333,17173.85,17066.016666659998,17474.483333329998,17246.55,16787.266666659998,17285.46666666,,,,,,,,,,,,,,,,,,,,,,,,,,,,,,,,,,,,,,,,,,,,
1736798025000,17660.983333329998,17685.066666659997,17468.983333329998,17407.71666666,,17792.066666659997,,17613.86666666,,,,,,,,,,,,,,,,,,,,,,,,,,,,,,,,,,,,,,,,,,,,
1736798030000,,,,,,,,,,,,,,,,,,,,,,,,,,,,,,,,,,,,,,,,,,,,,,,,,,,,
1736798050000,,,0.0,,,0.0,0.0,0.0,,0.0,0.0,,0.0,,,0.0,,,,,,,,,,,,,,,,,,,,,,,,,,,,,,,,,,,,
1736798055000,0.0,0.0,0.0,0.0,0.0,0.0,0.0,0.0,0.0,0.0,0.0,0.0,0.0,0.0,0.0,75.2833333333,,,,,,,,,,,,,,,,,,,,,,,,,,,,,,,,,,,,
1736798060000,90.3166666666,637.7333333333,630.4333333333,90.35,645.8333333333,784.95,701.7833333333,435.0166666666,313.0333333333,83.55,469.8666666666,0.0,633.95,74.05,0.0,1112.7666666666,,,,,,,,,,,,,,,,,,,,,,,,,,,,,,,,,,,,
1736798065000,1006.75,1883.5333333332999,1842.6833333332997,1173.0166666666,1914.7333333333,2001.3833333332998,1938.6333333332998,1603.9166666666,1561.1666666666,1166.0666666666,1679.1166666666,717.6166666666,1855.8666666666,1105.25,691.3833333333,2368.0166666666,,,,,,,,,,,,,,,,,,,,,,,,,,,,,,,,,,,,
1736798070000,2412.1166666666,3069.85,3015.1166666665995,2454.8833333333,3107.9333333332997,3142.1,3110.1333333333,2802.0333333332997,2722.2666666666,2409.75,2862.9,1939.8333333332998,3034.15,2337.7166666666,1926.85,3496.06666667,,,,,,,,,,,,,,,,,,,,,,,,,,,,,,,,,,,,
1736798075000,3559.86666667,4253.3,4168.13333333,3599.03333333,4296.86666667,4377.6,4311.05,3951.11666667,3784.93333333,3549.33333333,4030.83333333,3122.0333333332997,4176.73333333,3461.65,3114.0666666665998,4670.55,,,,,,,,,,,,,,,,,,,,,,,,,,,,,,,,,,,,
1736798080000,4756.11666667,5595.8,5457.76666667,4819.46666667,5624.56666667,5603.06666667,5641.46666667,5317.55,5094.0,4734.71666667,5386.75,4330.23333333,5485.96666667,4611.21666667,4309.15,6120.433333329999,,,,,,,,,,,,,,,,,,,,,,,,,,,,,,,,,,,,
1736798085000,6072.15,6980.96666666,6866.11666666,6299.766666670001,7015.683333329999,7008.233333329999,7014.58333333,6799.233333329999,6623.316666670001,6201.45,6860.75,5654.18333333,6852.81666666,6061.7,5643.31666667,7286.46666666,,,,,,,,,,,,,,,,,,,,,,,,,,,,,,,,,,,,
1736798090000,7222.76666666,7992.33333333,7856.233333329999,7495.58333333,8062.683333329999,7859.883333329999,8019.5,7747.58333333,7503.81666666,7368.41666666,7806.3,7030.51666666,7848.33333333,7214.96666666,7026.26666666,8280.68333333,,,,,,,,,,,,,,,,,,,,,,,,,,,,,,,,,,,,
1736798095000,8313.98333333,8913.36666666,8781.25,8478.0,8918.86666666,8915.98333333,8866.71666666,8675.283333329999,8567.633333329999,8354.8,8775.85,8027.11666666,8722.46666666,8198.76666666,8045.133333329999,9094.55,,,,,,,,,,,,,,,,,,,,,,,,,,,,,,,,,,,,
1736798100000,9153.41666666,9880.85,9711.133333329999,9273.283333329999,9885.41666666,9734.06666666,9833.73333333,9608.6,9473.95,9135.35,9676.65,8877.133333329999,9645.43333333,8997.7,8897.73333333,9928.76666666,,,,,,,,,,,,,,,,,,,,,,,,,,,,,,,,,,,,
1736798105000,9934.46666666,10768.95,10600.05,10260.9,10826.33333333,10681.45,10790.11666666,10492.93333333,10363.68333333,10115.23333333,10564.91666666,9851.73333333,10569.0,9827.83333333,9860.73333333,11057.73333333,,,,,,,,,,,,,,,,,,,,,,,,,,,,,,,,,,,,
1736798110000,11184.0,11754.25,11597.883333329999,11317.18333333,11759.15,11653.766666659998,11690.95,11564.716666659999,11368.56666666,11152.883333329999,11672.83333333,10818.71666666,11519.56666666,10924.883333329999,10824.1,12080.3,,,,,,,,,,,,,,,,,,,,,,,,,,,,,,,,,,,,
1736798115000,12199.866666659998,12746.0,12579.33333333,12360.383333329999,12751.6,12645.883333329999,12841.466666659999,12551.633333329999,12337.2,12181.16666666,12677.98333333,11704.68333333,12499.98333333,11958.4,11730.33333333,12948.7,,,,,,,,,,,,,,,,,,,,,,,,,,,,,,,,,,,,
1736798120000,12950.05,12861.33333333,12687.266666659998,13187.766666659998,12966.9,12623.5,12912.65,12967.716666659999,12839.866666659998,13006.91666666,13039.633333329999,12762.6,12680.95,12819.3,12873.3,12699.58333333,,,,,,,,,,,,,,,,,,,,,,,,,,,,,,,,,,,,
1736798125000,12892.41666666,12702.716666659999,12532.48333333,12909.366666659998,12704.08333333,12364.116666659998,12631.18333333,12714.216666659999,12615.4,12716.6,12738.033333329999,12914.4,12454.633333329999,12566.98333333,12888.55,12457.366666659998,,,,,,,,,,,,,,,,,,,,,,,,,,,,,,,,,,,,
1736798130000,12347.1,12502.766666659998,12321.8,12707.06666666,12528.9,12124.7,12461.2,12529.65,12322.31666666,12534.91666666,12602.31666666,12650.283333329999,12237.05,12335.7,12667.48333333,12080.66666666,,,,,,,,,,,,,,,,,,,,,,,,,,,,,,,,,,,,
1736798135000,12100.866666659998,11863.05,11727.41666666,12286.3,11843.616666659998,11434.3,11760.866666659998,11937.383333329999,11865.6,12107.55,11969.766666659998,12468.35,11635.65,11953.516666659998,12510.25,11654.16666666,,,,,,,,,,,,,,,,,,,,,,,,,,,,,,,,,,,,
1736798140000,11646.283333329999,11800.65,11682.73333333,11886.23333333,11782.783333329999,11509.51666666,11730.91666666,11729.05,11667.516666659998,11731.43333333,11796.6,11750.58333333,11568.016666659998,11550.2,11791.366666659998,11597.98333333,,,,,,,,,,,,,,,,,,,,,,,,,,,,,,,,,,,,
1736798145000,11784.43333333,11593.31666666,11438.66666666,11775.133333329999,11623.43333333,11337.83333333,11551.81666666,11473.33333333,11371.71666666,11621.25,11538.81666666,11746.23333333,11370.383333329999,11443.55,11730.5,11729.68333333,,,,,,,,,,,,,,,,,,,,,,,,,,,,,,,,,,,,
1736798150000,12006.383333329999,12041.91666666,11877.283333329999,11966.9,12034.43333333,11941.33333333,12004.516666659998,11911.55,11895.2,11817.98333333,12010.366666659998,11573.98333333,11810.68333333,11606.216666659999,11591.466666659999,12187.55,,,,,,,,,,,,,,,,,,,,,,,,,,,,,,,,,,,,
1736798155000,12194.533333329999,12749.18333333,12569.56666666,12436.283333329999,12785.883333329999,12460.08333333,12777.15,12571.25,12332.516666659998,12259.8,12671.3,12040.93333333,12509.366666659998,12058.41666666,12042.7,12874.55,,,,,,,,,,,,,,,,,,,,,,,,,,,,,,,,,,,,
1736798160000,12995.65,13095.266666659998,12959.5,13193.633333329999,13104.05,12767.966666659999,13017.18333333,13062.6,12877.81666666,13008.43333333,13190.55,12806.4,12874.81666666,12746.533333329999,12793.75,13155.266666659998,,,,,,,,,,,,,,,,,,,,,,,,,,,,,,,,,,,,
1736798165000,13386.93333333,13115.466666659999,12977.633333329999,13332.68333333,13084.533333329999,12773.15,12964.66666666,13191.48333333,13026.75,13151.05,13321.95,13029.7,12842.533333329999,13006.633333329999,13071.41666666,12860.81666666,,,,,,,,,,,,,,,,,,,,,,,,,,,,,,,,,,,,
1736798170000,12959.56666666,12959.466666659999,12752.783333329999,13116.8,13104.93333333,12667.966666659999,13059.7,12962.58333333,12842.48333333,12937.716666659999,13040.55,12967.7,12769.91666666,12748.75,13014.56666666,12795.6,,,,,,,,,,,,,,,,,,,,,,,,,,,,,,,,,,,,
1736798175000,12736.75,13013.65,12816.73333333,13098.533333329999,13029.5,12578.23333333,12807.15,12850.883333329999,12825.883333329999,12820.6,12902.1,13080.633333329999,12753.98333333,12708.3,13109.66666666,12669.2,,,,,,,,,,,,,,,,,,,,,,,,,,,,,,,,,,,,
1736798180000,12815.533333329999,13199.66666666,13016.15,12980.033333329999,13163.966666659999,12776.2,13041.116666659998,13000.783333329999,12919.966666659999,12781.81666666,13123.366666659998,12921.66666666,12853.75,12533.25,12865.65,12883.98333333,,,,,,,,,,,,,,,,,,,,,,,,,,,,,,,,,,,,
1736798185000,12756.016666659998,12947.81666666,12753.56666666,13153.266666659998,12960.65,12589.81666666,12870.4,12850.08333333,12682.8,12959.91666666,12941.35,13058.91666666,12683.1,12747.516666659998,13155.91666666,12739.133333329999,,,,,,,,,,,,,,,,,,,,,,,,,,,,,,,,,,,,
1736798190000,13054.9,12906.616666659998,12765.48333333,13004.91666666,12858.91666666,12522.383333329999,12754.31666666,12876.08333333,12683.216666659999,12817.98333333,12941.83333333,12887.33333333,12647.06666666,12597.55,12926.133333329999,13016.68333333,,,,,,,,,,,,,,,,,,,,,,,,,,,,,,,,,,,,
1736798195000,13058.033333329999,13434.216666659999,13233.966666659999,13261.033333329999,13426.966666659999,13135.633333329999,13319.31666666,13247.966666659999,13079.66666666,13080.08333333,13341.73333333,12772.6,13153.06666666,12871.35,12800.8,13068.633333329999,,,,,,,,,,,,,,,,,,,,,,,,,,,,,,,,,,,,
1736798200000,13133.43333333,12948.716666659999,12795.9,13255.65,12958.33333333,12611.33333333,12813.266666659998,12900.33333333,12791.6,13074.35,12973.3,13349.68333333,12689.48333333,12927.15,13394.25,12402.73333333,,,,,,,,,,,,,,,,,,,,,,,,,,,,,,,,,,,,
1736798205000,12397.216666659999,12261.81666666,12098.033333329999,12630.81666666,12230.58333333,11866.033333329999,12159.95,12187.06666666,12043.7,12449.48333333,12274.35,12825.16666666,12000.31666666,12304.133333329999,12917.133333329999,11956.95,,,,,,,,,,,,,,,,,,,,,,,,,,,,,,,,,,,,
1736798210000,12015.3,12154.16666666,11960.2,12179.7,12146.5,11747.533333329999,12064.016666659998,12068.93333333,11942.65,12006.4,12162.23333333,12163.58333333,11889.783333329999,11830.616666659998,12199.466666659999,11800.41666666,,,,,,,,,,,,,,,,,,,,,,,,,,,,,,,,,,,,
1736798215000,11922.8,11603.98333333,11442.21666666,12019.516666659998,11614.65,11305.48333333,11543.55,11544.383333329999,11569.533333329999,11856.283333329999,11611.9,12062.2,11388.51666666,11639.06666666,12095.383333329999,11489.81666666,,,,,,,,,,,,,,,,,,,,,,,,,,,,,,,,,,,,
1736798220000,11595.2,11962.0,11723.016666659998,11702.05,12004.73333333,11759.8,11990.0,11768.466666659999,11568.58333333,11534.55,11850.2,11552.85,11735.81666666,11368.68333333,11580.9,11997.81666666,,,,,,,,,,,,,,,,,,,,,,,,,,,,,,,,,,,,
1736798225000,12078.0,12588.133333329999,12379.91666666,12246.5,12619.65,12357.3,12627.58333333,12281.95,12185.68333333,12064.73333333,12437.41666666,12019.81666666,12348.55,11885.1,12009.45,12767.55,,,,,,,,,,,,,,,,,,,,,,,,,,,,,,,,,,,,
1736798230000,12842.56666666,12920.18333333,12769.516666659998,13018.73333333,12843.016666659998,12565.866666659998,12776.883333329999,12628.766666659998,12609.73333333,12812.43333333,12889.83333333,12649.533333329999,12618.366666659998,12631.6,12629.616666659998,12699.65,,,,,,,,,,,,,,,,,,,,,,,,,,,,,,,,,,,,
1736798235000,12873.516666659998,12855.2,12700.95,12924.383333329999,12853.116666659998,12646.2,12782.66666666,12808.55,12640.15,12828.383333329999,12936.016666659998,12802.4,12594.3,12521.116666659998,12805.35,12909.616666659998,,,,,,,,,,,,,,,,,,,,,,,,,,,,,,,,,,,,
1736798240000,12983.95,13014.6,12823.15,13087.55,12957.41666666,12658.16666666,12847.966666659999,12857.266666659998,12751.55,12922.5,12903.716666659999,12849.06666666,12756.133333329999,12775.95,12799.9,12868.533333329999,,,,,,,,,,,,,,,,,,,,,,,,,,,,,,,,,,,,
1736798245000,12953.266666659998,13122.3,12967.58333333,13118.56666666,13121.7,12765.85,13053.466666659999,13011.43333333,12824.65,12936.55,13156.41666666,12866.8,12858.1,12734.283333329999,12905.516666659998,12851.766666659998,,,,,,,,,,,,,,,,,,,,,,,,,,,,,,,,,,,,
1736798250000,12808.23333333,13128.966666659999,12920.83333333,13078.55,13132.65,12848.31666666,13056.3,12939.65,12903.23333333,12907.133333329999,13041.383333329999,13070.08333333,12863.716666659999,12726.31666666,13100.56666666,12898.7,,,,,,,,,,,,,,,,,,,,,,,,,,,,,,,,,,,,
1736798255000,13076.25,12917.85,12768.883333329999,13190.58333333,12922.4,12703.18333333,13056.466666659999,12986.366666659998,12925.45,13005.35,13100.06666666,13074.0,12660.6,12774.883333329999,13100.98333333,12935.58333333,,,,,,,,,,,,,,,,,,,,,,,,,,,,,,,,,,,,
1736798260000,13008.81666666,13097.73333333,12924.98333333,13185.366666659998,13108.366666659998,12833.95,13123.4,13037.91666666,13045.966666659999,13001.18333333,13128.65,13075.08333333,12846.283333329999,12799.95,13006.133333329999,13028.98333333,,,,,,,,,,,,,,,,,,,,,,,,,,,,,,,,,,,,
1736798265000,13176.98333333,13554.33333333,13366.56666666,13438.4,13553.8,13247.6,13493.33333333,13465.2,13345.98333333,13255.41666666,13507.93333333,13139.58333333,13284.66666666,12882.966666659999,13122.716666659999,13272.033333329999,,,,,,,,,,,,,,,,,,,,,,,,,,,,,,,,,,,,
1736798270000,13287.48333333,13302.766666659998,13136.5,13533.616666659998,13300.31666666,12883.85,13210.66666666,13258.43333333,13079.56666666,13347.5,13325.55,13512.516666659998,13040.91666666,13138.06666666,13524.98333333,12860.5,,,,,,,,,,,,,,,,,,,,,,,,,,,,,,,,,,,,
1736798275000,12936.98333333,12618.65,12475.41666666,13072.766666659998,12604.3,12203.83333333,12524.966666659999,12691.68333333,12509.366666659998,12885.45,12744.866666659998,13227.033333329999,12354.15,12768.966666659999,13273.56666666,12208.216666659999,,,,,,,,,,,,,,,,,,,,,,,,,,,,,,,,,,,,
1736798280000,12132.4,12117.283333329999,11966.25,12466.16666666,12147.81666666,11856.83333333,12053.1,12054.3,11998.366666659998,12218.366666659998,12127.9,12544.466666659999,11899.33333333,12081.366666659998,12580.66666666,12034.516666659998,,,,,,,,,,,,,,,,,,,,,,,,,,,,,,,,,,,,
1736798285000,11976.91666666,11919.35,11755.06666666,12223.716666659999,11918.33333333,11587.35,11835.73333333,11928.43333333,11764.783333329999,12060.2,11925.383333329999,12056.766666659998,11680.98333333,11913.06666666,12117.216666659999,11729.533333329999,,,,,,,,,,,,,,,,,,,,,,,,,,,,,,,,,,,,
1736798290000,11786.783333329999,12253.95,12090.93333333,11956.883333329999,12243.55,11969.616666659998,12193.7,12117.25,11887.18333333,11810.65,12042.766666659998,11847.23333333,11997.8,11610.533333329999,11900.66666666,12345.3,,,,,,,,,,,,,,,,,,,,,,,,,,,,,,,,,,,,
1736798295000,12340.16666666,12683.06666666,12495.633333329999,12519.8,12731.81666666,12367.383333329999,12671.0,12518.23333333,12297.016666659998,12329.43333333,12577.91666666,12200.83333333,12444.9,12217.55,12228.48333333,12533.966666659999,,,,,,,,,,,,,,,,,,,,,,,,,,,,,,,,,,,,
1736798300000,12698.05,12682.41666666,12530.0,12848.08333333,12689.58333333,12396.216666659999,12648.033333329999,12737.16666666,12602.366666659998,12672.43333333,12838.6,12639.31666666,12429.1,12407.43333333,12720.116666659998,12303.9,,,,,,,,,,,,,,,,,,,,,,,,,,,,,,,,,,,,
1736798305000,,,,,,,,,,,,,,,,,,,,,,,,,,,,,,,,,,,,,,,,,,,,,,,,,,,,
1736798325000,,,,0.0,0.0,,,0.0,0.0,,,0.0,,0.0,,0.0,0.0,,,,0.0,,,0.0,,,,,,,,0.0,,,,,,,,,,,,,,,,,,,,
1736798330000,0.0,0.0,0.0,0.0,0.0,0.0,0.0,0.0,0.0,0.0,0.0,0.0,0.0,0.0,0.0,0.0,0.0,0.0,0.0,0.0,0.0,0.0,0.0,0.0,0.0,0.0,0.0,0.0,0.0,0.0,0.0,0.0,,,,,,,,,,,,,,,,,,,,
1736798335000,9.45,10.416666666666,0.0,15.2,46.6,2.616666666666,10.233333333333,9.216666666666,20.533333333333,6.766666666666,9.883333333333,7.816666666666,0.0,10.966666666666,7.183333333333,11.05,1.45,0.0,0.0,6.166666666666,1.85,4.6,0.0,4.233333333333,13.066666666666,4.316666666666,7.383333333333,0.0,11.266666666666,0.0,0.0,11.983333333333,,,,,,,,,,,,,,,,,,,,
1736798340000,96.0666666666,107.9666666666,48.4166666667,135.5166666666,236.75,74.5333333333,103.4166666666,103.4666666666,149.85,89.8166666666,100.45,95.2333333333,65.3666666667,110.2166666666,96.2,111.2833333333,71.8833333333,15.566666666666,14.466666666666,92.8333333333,77.9166666666,80.0666666666,10.966666666666,78.7166666666,123.65,79.05,91.1833333333,47.3666666667,111.5,49.8666666667,45.6333333333,111.2,,,,,,,,,,,,,,,,,,,,
1736798345000,456.5666666666,454.4666666666,256.2166666666,497.38333333329996,656.5166666665999,427.3666666666,462.1166666666,463.2833333333,531.7333333332999,450.3666666666,451.2833333333,440.25,372.5,464.0,446.5166666666,460.83333333329995,403.9833333333,136.3333333333,133.9333333333,447.15,430.13333333329996,429.08333333329995,109.4833333333,430.4,467.2666666666,427.2666666666,446.8666666666,248.2333333333,465.93333333329997,261.4666666666,237.4833333333,465.75,,,,,,,,,,,,,,,,,,,,
1736798350000,871.6833333333,910.5166666665999,681.9833333332999,974.45,1154.4666666665998,858.2666666665999,927.2166666666,918.9666666666,1009.8333333333,891.8666666665999,900.3,881.9166666665999,794.35,926.2666666665999,893.4333333333,920.3833333333,832.8,498.3166666666,480.6666666666,884.4166666665999,883.2333333332999,871.45,463.1166666666,868.2666666665999,930.0666666666,859.3166666666,891.9833333332999,656.9166666665999,929.0833333333,690.7333333332999,658.7166666666,930.8666666665999,,,,,,,,,,,,,,,,,,,,
1736798355000,1266.5666666666,1403.3666666666,1186.7666666666,1478.4333333333,1595.65,1364.1333333333,1423.1333333333,1429.05,1497.5,1397.7,1386.9833333333,1363.75,1305.1,1428.2833333332999,1390.95,1419.1333333333,1321.2833333332999,974.4166666665999,939.65,1386.35,1393.35,1365.8333333333,923.4833333332999,1368.1333333333,1413.8666666666,1352.6333333333,1388.5166666666,1152.95,1419.4166666666,1200.9333333333,1154.0,1421.6666666666,,,,,,,,,,,,,,,,,,,,
1736798360000,1937.65,1932.1,1618.3166666666,2009.1666666666,2131.95,1838.2833333332999,1963.4666666665998,1957.0833333333,2031.6666666666,1925.4333333333,1911.6833333333,1878.5333333332999,1772.8,1961.55,1908.1666666666,1951.0,1785.55,1477.3333333333,1444.1666666666,1899.4,1889.35,1865.55,1425.1833333333,1859.8666666666,1940.9833333333,1839.4666666665998,1904.85,1567.8166666666,1939.5833333333,1649.3833333333,1598.0666666666,1950.2833333332999,,,,,,,,,,,,,,,,,,,,
1736798365000,2472.1333333333,2442.65,2183.4,2526.5666666665998,2682.35,2419.25,2488.3666666666,2498.7833333333,2544.3166666665998,2477.6166666666,2427.1833333333,2399.7,2346.35,2484.0833333333003,2451.0,2467.1333333333,2352.0666666665998,2006.3166666666,1965.95,2452.3,2485.2166666666,2418.1166666666,1957.6333333333,2425.3833333333,2449.1833333333,2398.1666666666,2446.2,2115.3,2467.1166666666,2219.9666666666,2136.45,2470.0833333333003,,,,,,,,,,,,,,,,,,,,
1736798370000,3098.75,3084.3833333333,2743.9166666666,3210.0666666665998,3422.63333333,2980.9833333333004,3128.7666666666,3130.6333333333,3260.65,3077.25,3044.9666666666,2989.2333333333004,2906.4,3134.2833333333,3043.9166666666,3120.15,2897.35,2524.7333333333004,2474.15,3048.6,3055.4333333333,2981.1166666666,2481.3333333333003,3000.0666666665998,3102.75,2967.0333333333,3039.4666666666,2658.2333333333004,3118.0666666665998,2783.5333333333,2705.05,3123.1666666666,,,,,,,,,,,,,,,,,,,,
1736798375000,3755.03333333,3693.96666667,3488.01666667,3807.75,3851.06666667,3684.61666667,3766.31666667,3783.23333333,3801.56666667,3766.0833333299997,3676.68333333,3639.76666667,3586.76666667,3756.38333333,3724.8,3731.35,3585.01666667,3214.5666666665998,3159.7333333333004,3731.88333333,3781.11666667,3692.56666667,3130.45,3716.21666667,3704.85,3675.13333333,3716.88333333,3377.36666667,3710.4166666700003,3540.71666667,3428.18333333,3716.1,,,,,,,,,,,,,,,,,,,,
1736798380000,4060.25,4162.45,3911.85,4298.51666667,4313.46666667,4107.15,4231.11666667,4234.15,4297.4,4193.43333333,4123.6,4072.45,4044.63333333,4227.85,4152.66666667,4200.35,3996.25,3808.5833333299997,3749.45,4154.08333333,4221.03333333,4095.2,3751.21666667,4118.06666667,4168.91666667,4072.15,4144.25,3787.35,4191.61666667,3967.51666667,3857.45,4197.51666667,,,,,,,,,,,,,,,,,,,,
1736798385000,4583.76666667,4627.66666667,4384.78333333,4771.38333333,4850.43333333,4576.6,4713.53333333,4717.36666667,4780.05,4672.78333333,4587.93333333,4537.81666667,4508.81666667,4705.46666667,4629.98333333,4682.73333333,4455.05,4295.3,4229.43333333,4629.05,4652.26666667,4568.73333333,4222.78333333,4587.93333333,4641.1,4537.86666667,4621.2,4244.05,4663.78333333,4444.46666667,4318.61666667,4670.63333333,,,,,,,,,,,,,,,,,,,,
1736798390000,5176.71666667,5184.1,4933.25,5322.43333333,5426.41666667,5112.63333333,5270.05,5286.95,5330.7,5237.18333333,5145.76666667,5078.16666667,5091.55,5270.41666667,5190.08333333,5235.23333333,4988.73333333,4769.45,4695.86666667,5187.5,5253.21666667,5089.25,4699.91666667,5120.38333333,5170.6,5064.53333333,5174.15,4775.78333333,5209.05,4992.21666667,4866.2,5216.61666667,,,,,,,,,,,,,,,,,,,,
1736798395000,5673.78333333,5742.63333333,5508.16666667,5918.01666667,5995.43333333,5671.73333333,5842.85,5856.51666667,5933.76666667,5796.46666667,5698.5,5629.25,5606.5,5838.08333333,5751.96666667,5798.1,5528.11666667,5319.56666667,5236.0,5744.75,5828.36666667,5665.58333333,5265.18333333,5697.28333333,5744.23333333,5636.01666667,5737.51666667,5330.63333333,5770.85,5584.08333333,5434.26666667,5777.78333333,,,,,,,,,,,,,,,,,,,,
1736798400000,6251.55,6200.6,6073.73333333,6346.33333333,6333.3,6202.15,6312.71666667,6339.05,6324.01666667,6274.41666667,6162.91666667,6074.65,6158.86666667,6296.91666667,6203.4,6255.81666667,6044.03333333,5914.68333333,5813.16666667,6212.7,6362.5,6167.15,5832.7,6203.05,6179.78333333,6137.86666667,6191.35,5881.01666667,6227.58333333,6157.65,6004.28333333,6237.61666667,,,,,,,,,,,,,,,,,,,,
1736798405000,6524.63333333,6424.41666667,6395.08333333,6608.25,6386.18333333,6468.38333333,6588.86666667,6579.95,6576.88333333,6551.11666667,6431.86666667,6324.38333333,6423.2,6529.2,6475.81666667,6484.06666667,6314.71666667,6343.08333333,6246.31666667,6487.18333333,6655.11666667,6434.28333333,6294.41666667,6476.76666667,6438.51666667,6403.35,6461.1,6190.7,6496.48333333,6466.7,6343.33333333,6506.36666667,,,,,,,,,,,,,,,,,,,,
1736798410000,6396.28333333,6363.91666667,6447.98333333,6482.53333333,6352.9,6391.16666667,6473.71666667,6505.01666667,6450.68333333,6465.36666667,6322.23333333,6249.06666667,6402.08333333,6468.41666667,6394.73333333,6424.61666667,6238.83333333,6604.38333333,6513.63333333,6401.48333333,6563.98333333,6341.45,6571.48333333,6391.18333333,6324.58333333,6318.3,6371.38333333,6244.85,6382.91666667,6522.6,6393.76666667,6392.28333333,,,,,,,,,,,,,,,,,,,,
1736798415000,6716.6666666599995,6476.11666667,6449.83333333,6618.48333333,6580.6,6427.18333333,6595.68333333,6609.6,6625.28333333,6545.83333333,6433.03333333,6359.18333333,6422.95,6579.43333333,6490.28333333,6532.75,6275.46666667,6477.63333333,6409.23333333,6480.43333333,6611.81666667,6402.78333333,6467.55,6447.25,6460.56666667,6375.26666667,6475.73333333,6233.78333333,6504.7,6527.38333333,6363.58333333,6514.8,,,,,,,,,,,,,,,,,,,,
1736798420000,6849.6666666599995,6742.36666666,6682.4,6899.11666666,6787.73333333,6758.55,6862.03333333,6890.56666666,6863.45,6844.38333333,6692.23333333,6619.43333333,6709.75,6855.31666666,6775.06666666,6804.98333333,6590.18333333,6616.95,6529.46666667,6783.08333333,6941.11666666,6711.43333333,6575.2,6762.71666666,6728.93333333,6686.08333333,6753.4166666599995,6475.93333333,6784.08333333,6755.31666666,6591.5,6787.56666666,,,,,,,,,,,,,,,,,,,,
1736798425000,6795.53333333,6818.7,6870.81666666,6969.81666666,6891.45,6801.15,6938.73333333,6963.3,6914.36666666,6886.1,6772.8,6691.63333333,6803.38333333,6926.1,6847.03333333,6881.95,6638.48333333,6897.93333333,6803.98333333,6821.2,6984.9166666599995,6762.73333333,6850.65,6808.65,6792.6,6731.13333333,6824.1,6653.28333333,6844.2,6941.55,6796.13333333,6843.3,,,,,,,,,,,,,,,,,,,,
1736798430000,6994.45,6882.51666666,6984.6666666599995,7024.78333333,6886.6,6924.6666666599995,7012.9,7049.03333333,6955.38333333,7003.1666666599995,6857.96666666,6781.4,6931.0,6995.23333333,6937.6666666599995,6945.96666666,6756.8,6966.43333333,6870.1,6935.53333333,7121.86666666,6893.55,6924.25,6926.73333333,6853.08333333,6848.05,6920.28333333,6758.01666666,6902.21666666,7068.93333333,6882.51666666,6920.36666666,,,,,,,,,,,,,,,,,,,,
1736798435000,7188.7,7111.9166666599995,6987.71666666,7263.36666666,7227.65,7062.21666666,7236.81666666,7237.1666666599995,7247.86666666,7206.68333333,7041.45,6968.5,7026.95,7226.4,7126.85,7175.05,6887.3,7016.4166666599995,6908.73333333,7135.83333333,7258.38333333,7034.0,6989.45,7066.75,7073.48333333,6989.86666666,7110.96666666,6761.53333333,7149.86666666,7061.71666666,6894.33333333,7159.05,,,,,,,,,,,,,,,,,,,,
1736798440000,7507.15,7305.2,7304.98333333,7448.0,7376.25,7321.23333333,7455.43333333,7492.08333333,7408.06666666,7453.05,7279.7,7195.6666666599995,7283.31666666,7427.35,7368.15,7387.03333333,7153.9166666599995,7257.81666666,7155.75,7376.0,7519.45,7278.01666666,7180.4166666599995,7326.38333333,7273.23333333,7243.95,7353.1,7071.11666666,7348.4,7377.1666666599995,7236.86666666,7356.73333333,,,,,,,,,,,,,,,,,,,,
1736798445000,7608.23333333,7491.71666666,7484.31666666,7624.56666666,7422.58333333,7532.8,7633.7,7668.96666666,7558.4,7644.76666666,7464.38333333,7375.73333333,7516.25,7615.81666666,7556.13333333,7552.28333333,7349.31666666,7445.51666666,7345.81666666,7568.36666666,7787.7,7482.05,7432.83333333,7538.81666666,7438.5,7452.43333333,7538.0,7237.63333333,7516.11666666,7565.35,7396.88333333,7525.6666666599995,,,,,,,,,,,,,,,,,,,,
1736798450000,7536.9166666599995,7477.7,7514.93333333,7644.5,7483.51666666,7517.78333333,7629.11666666,7657.26666666,7579.71666666,7618.76666666,7438.28333333,7354.28333333,7453.95,7604.28333333,7532.6666666599995,7546.88333333,7325.95,7620.48333333,7519.6666666599995,7542.96666666,7717.35,7499.45,7609.58333333,7536.38333333,7444.31666666,7450.36666666,7512.88333333,7279.38333333,7518.4166666599995,7612.85,7424.31666666,7527.35,,,,,,,,,,,,,,,,,,,,
1736798455000,7787.9,7495.13333333,7576.33333333,7617.76666666,7435.6666666599995,7539.93333333,7655.23333333,7697.46666666,7539.3,7646.36666666,7479.08333333,7396.08333333,7508.98333333,7620.78333333,7567.86666666,7564.13333333,7348.11666666,7640.76666666,7520.15,7568.35,7745.31666666,7500.76666666,7597.8,7546.05,7424.36666666,7452.76666666,7553.33333333,7339.93333333,7520.18333333,7670.85,7493.93333333,7530.31666666,,,,,,,,,,,,,,,,,,,,
1736798460000,7774.01666666,7618.98333333,7547.18333333,7795.75,7518.95,7587.23333333,7767.26666666,7782.73333333,7725.98333333,7754.28333333,7570.55,7498.06666666,7523.13333333,7746.08333333,7673.93333333,7686.81666666,7390.36666666,7572.7,7488.78333333,7679.11666666,7795.78333333,7574.18333333,7613.65,7613.05,7598.28333333,7521.38333333,7660.56666666,7303.76666666,7658.78333333,7625.98333333,7446.3,7679.65,,,,,,,,,,,,,,,,,,,,
1736798465000,7580.6666666599995,7570.13333333,7626.73333333,7677.08333333,7592.6,7532.9166666599995,7668.26666666,7722.95,7605.2,7650.98333333,7486.43333333,7440.15,7549.5,7695.33333333,7603.4166666599995,7641.05,7353.68333333,7790.55,7684.46666666,7602.58333333,7741.15,7515.31666666,7737.15,7549.36666666,7494.68333333,7464.5,7587.21666666,7382.06666666,7556.55,7717.38333333,7526.25,7565.83333333,,,,,,,,,,,,,,,,,,,,
1736798470000,7988.95,7755.55,7710.68333333,7928.85,7772.25,7768.31666666,7917.26666666,7961.73333333,7866.26666666,7938.21666666,7734.4166666599995,7660.96666666,7697.71666666,7884.38333333,7840.26666666,7827.6666666599995,7568.43333333,7673.05,7565.55,7860.68333333,7980.1666666599995,7763.63333333,7640.65,7792.75,7718.08333333,7705.81666666,7832.0,7464.43333333,7787.21666666,7810.5,7601.85,7795.13333333,,,,,,,,,,,,,,,,,,,,
1736798475000,7925.81666666,7794.68333333,7854.2,7913.6666666599995,7568.73333333,7859.81666666,7947.35,7980.36666666,7813.33333333,7966.33333333,7759.8,7674.63333333,7824.25,7924.28333333,7869.78333333,7868.83333333,7662.43333333,7926.06666666,7788.31666666,7889.73333333,8081.48333333,7820.9,7875.01666666,7870.45,7746.21666666,7781.48333333,7844.2,7607.28333333,7836.15,7951.76666666,7782.88333333,7844.51666666,,,,,,,,,,,,,,,,,,,,
1736798480000,7222.23333333,7256.05,7635.36666666,7373.35,7183.45,7345.71666666,7410.96666666,7453.48333333,7314.65,7442.7,7249.08333333,7178.56666666,7360.8,7376.36666666,7359.05,7322.3,7165.18333333,7908.15,7811.0,7308.51666666,7479.8,7305.61666666,7916.86666666,7293.95,7191.36666666,7213.01666666,7270.68333333,7382.03333333,7281.21666666,7715.43333333,7574.4,7287.25,,,,,,,,,,,,,,,,,,,,
1736798485000,7466.81666666,7196.45,7257.55,7351.58333333,7091.86666666,7307.76666666,7352.4,7386.9,7299.93333333,7415.8,7183.1,7118.83333333,7238.18333333,7319.76666666,7294.63333333,7264.38333333,7113.83333333,7371.48333333,7265.05,7344.56666666,7503.26666666,7269.9,7371.51666666,7319.23333333,7186.8,7238.83333333,7286.31666666,7021.96666666,7258.45,7350.81666666,7184.33333333,7278.23333333,,,,,,,,,,,,,,,,,,,,
1736798490000,7158.4,7048.9,7149.56666666,7185.8,7070.95,7105.4166666599995,7192.15,7218.38333333,7135.15,7217.68333333,7021.68333333,6959.36666666,7077.96666666,7165.15,7123.93333333,7110.6666666599995,6932.96666666,7357.36666666,7262.03333333,7147.63333333,7300.7,7071.31666666,7308.51666666,7118.26666666,7000.95,7038.06666666,7108.6,6922.23333333,7075.13333333,7220.4166666599995,7101.13333333,7074.93333333,,,,,,,,,,,,,,,,,,,,
1736798495000,7213.33333333,7074.26666666,7155.36666666,7220.75,7109.65,7089.55,7203.1666666599995,7261.9166666599995,7177.68333333,7183.56666666,7060.63333333,6963.01666666,7073.5,7192.13333333,7113.13333333,7145.68333333,6909.98333333,7185.5,7083.3,7104.68333333,7280.43333333,7048.58333333,7158.21666666,7085.36666666,7042.21666666,7003.15,7098.6666666599995,6928.33333333,7109.55,7245.38333333,7084.63333333,7119.2,,,,,,,,,,,,,,,,,,,,
1736798500000,7447.48333333,7270.68333333,7228.06666666,7408.18333333,7352.51666666,7261.08333333,7396.65,7418.01666666,7363.73333333,7383.36666666,7225.83333333,7149.58333333,7211.4,7386.28333333,7315.48333333,7325.56666666,7073.96666666,7218.9,7116.55,7315.68333333,7460.58333333,7275.1,7228.06666666,7294.56666666,7239.76666666,7219.68333333,7299.9,6995.23333333,7299.56666666,7328.43333333,7121.43333333,7310.31666666,,,,,,,,,,,,,,,,,,,,
1736798505000,7625.53333333,7454.7,7441.13333333,7596.18333333,7563.53333333,7463.28333333,7599.11666666,7627.18333333,7559.43333333,7585.93333333,7411.05,7330.4,7390.63333333,7576.68333333,7504.63333333,7525.63333333,7280.28333333,7406.01666666,7309.93333333,7482.23333333,7669.15,7431.81666666,7369.46666666,7479.23333333,7411.45,7395.83333333,7489.51666666,7211.13333333,7480.9,7539.4166666599995,7353.01666666,7490.68333333,,,,,,,,,,,,,,,,,,,,
1736798510000,7741.33333333,7627.36666666,7677.33333333,7750.4,7524.21666666,7657.38333333,7776.4166666599995,7810.78333333,7659.95,7781.23333333,7596.3,7529.15,7621.21666666,7749.33333333,7697.81666666,7698.4166666599995,7401.1666666599995,7594.51666666,7479.56666666,7706.73333333,7791.4166666599995,7616.93333333,7571.45,7675.73333333,7590.73333333,7590.33333333,7681.86666666,7425.13333333,7656.1,7753.71666666,7575.75,7667.26666666,,,,,,,,,,,,,,,,,,,,
1736798515000,7702.38333333,7614.58333333,7623.96666666,7781.95,7624.4,7622.43333333,7739.2,7756.61666666,7668.71666666,7737.98333333,7555.25,7463.08333333,7593.68333333,7725.46666666,7638.88333333,7682.45,7432.26666666,7749.6,7664.61666666,7664.75,7835.11666666,7586.18333333,7744.08333333,7636.33333333,7616.85,7556.65,7623.0,7370.0,7656.68333333,7698.56666666,7534.9166666599995,7667.71666666,,,,,,,,,,,,,,,,,,,,
1736798520000,7746.73333333,7602.08333333,7709.95,7696.45,7629.68333333,7649.7,7755.43333333,7789.9166666599995,7666.05,7757.6,7587.78333333,7497.71666666,7640.31666666,7730.93333333,7677.68333333,7678.46666666,7471.65,7821.1,7710.83333333,7681.61666666,7870.53333333,7611.25,7727.83333333,7656.4,7544.25,7571.95,7656.28333333,7463.38333333,7628.81666666,7798.9166666599995,7634.85,7638.43333333,,,,,,,,,,,,,,,,,,,,
1736798525000,7874.58333333,7622.68333333,7747.6,7740.7,7580.85,7698.45,7777.96666666,7824.68333333,7631.0,7821.71666666,7595.7,7522.03333333,7676.71666666,7747.68333333,7705.55,7694.2,7497.26666666,7700.9166666599995,7585.65,7720.4,7903.7,7639.51666666,7732.1666666599995,7702.48333333,7576.43333333,7615.46666666,7688.1,7491.61666666,7652.51666666,7839.25,7642.75,7662.58333333,,,,,,,,,,,,,,,,,,,,
1736798530000,7721.7,7570.98333333,7679.0,7719.6666666599995,7534.7,7621.36666666,7735.0,7756.35,7635.58333333,7703.93333333,7541.6,7458.36666666,7620.9,7705.86666666,7633.96666666,7640.93333333,7434.31666666,7739.15,7648.08333333,7631.53333333,7831.85,7567.31666666,7741.2,7630.1,7514.21666666,7543.98333333,7617.51666666,7427.71666666,7593.83333333,7765.05,7593.71666666,7604.63333333,,,,,,,,,,,,,,,,,,,,
1736798535000,7590.43333333,7514.38333333,7627.73333333,7693.4166666599995,7671.6,7563.4,7661.45,7705.05,7627.73333333,7652.63333333,7486.0,7414.73333333,7547.08333333,7635.48333333,7592.0,7584.85,7388.93333333,7719.11666666,7581.55,7578.33333333,7763.6,7510.7,7686.6666666599995,7562.85,7479.23333333,7478.11666666,7583.73333333,7383.65,7535.1666666599995,7705.1666666599995,7546.38333333,7546.13333333,,,,,,,,,,,,,,,,,,,,
1736798540000,8201.36666666,7908.7,7799.2,8084.75,7796.0,7900.45,8037.1666666599995,8072.7,7974.3,8016.78333333,7846.95,7756.33333333,7860.98333333,8033.96666666,7936.58333333,7983.11666666,7711.31666666,7692.8,7578.65,8009.51666666,8185.35,7868.51666666,7630.83333333,7975.73333333,7891.9,7884.96666666,7999.03333333,7545.23333333,7941.1666666599995,7899.43333333,7683.76666666,7963.23333333,,,,,,,,,,,,,,,,,,,,
1736798545000,7614.83333333,7659.4166666599995,7884.31666666,7740.4166666599995,7601.5,7671.58333333,7807.4166666599995,7840.03333333,7633.2,7782.18333333,7623.01666666,7520.46666666,7620.4,7784.55,7695.58333333,7729.83333333,7491.31666666,8081.23333333,7988.4,7707.4,7883.26666666,7629.78333333,8027.85,7681.58333333,7564.56666666,7491.0,7678.23333333,7636.13333333,7645.33333333,7963.15,7821.68333333,7655.3,,,,,,,,,,,,,,,,,,,,
1736798550000,7694.3,7572.4166666599995,7691.95,7702.6666666599995,7457.25,7617.86666666,7727.9,7726.33333333,7624.1666666599995,7721.28333333,7529.9166666599995,7433.78333333,7586.88333333,7699.78333333,7626.83333333,7585.51666666,7434.25,7729.65,7636.13333333,7637.98333333,7825.35,7575.2,7778.4,7631.51666666,7524.98333333,7546.88333333,7609.35,7444.15,7600.65,7778.6,7613.03333333,7609.98333333,,,,,,,,,,,,,,,,,,,,
1736798555000,7450.85,7360.75,7537.88333333,7492.15,7215.23333333,7447.78333333,7518.0,7548.05,7403.76666666,7518.68333333,7337.31666666,7233.18333333,7472.78333333,7482.23333333,7423.61666666,7425.81666666,7272.65,7696.26666666,7601.86666666,7455.05,7657.05,7397.2,7694.08333333,7463.85,7314.33333333,7380.1666666599995,7407.15,7290.05,7384.43333333,7619.11666666,7465.71666666,7392.8,,,,,,,,,,,,,,,,,,,,
1736798560000,7060.05,7028.7,7273.88333333,7159.36666666,6926.05,7096.86666666,7174.68333333,7221.15,7101.9,7141.33333333,7014.56666666,6934.1666666599995,7167.68333333,7149.85,7104.11666666,7095.15,6937.1666666599995,7488.53333333,7387.26666666,7126.2,7301.2,7013.01666666,7474.78333333,7083.81666666,6976.71666666,6999.25,7088.23333333,7046.28333333,7037.61666666,7345.2,7229.46666666,7046.48333333,,,,,,,,,,,,,,,,,,,,
1736798565000,6951.05,6846.45,7012.4166666599995,6970.86666666,6759.26666666,6891.53333333,6975.15,7015.15,6849.96666666,6981.26666666,6822.26666666,6756.23333333,6899.06666666,6956.31666666,6907.36666666,6905.58333333,6709.7,7156.78333333,7054.01666666,6944.6666666599995,7074.56666666,6848.6666666599995,7143.93333333,6894.56666666,6815.33333333,6817.0,6891.35,6780.15,6880.63333333,7093.48333333,6943.71666666,6889.35,,,,,,,,,,,,,,,,,,,,
1736798570000,6966.13333333,6681.63333333,6839.18333333,6873.51666666,6765.81666666,6747.2,6817.85,6852.83333333,6842.4,6855.3,6663.61666667,6600.38333333,6759.56666666,6826.55,6765.83333333,6738.85,6649.11666667,6968.36666666,6888.75,6790.0,7011.83333333,6736.63333333,6950.85,6755.56666666,6684.23333333,6687.06666666,6758.1666666599995,6625.96666667,6744.4,6938.83333333,6779.48333333,6753.21666666,,,,,,,,,,,,,,,,,,,,
1736798575000,6765.95,6664.03333333,6854.28333333,6794.01666666,6561.83333333,6724.86666666,6807.6666666599995,6848.98333333,6796.05,6824.61666666,6648.23333333,6594.25,6739.13333333,6784.75,6756.45,6728.33333333,6561.28333333,6870.5,6769.2,6758.63333333,6902.9166666599995,6694.71666666,6780.51666666,6731.3,6618.05,6664.7,6719.4,6636.61666667,6693.11666666,6928.01666666,6776.65,6701.55,,,,,,,,,,,,,,,,,,,,
1736798580000,,,,,,,,,,,,,6401.78333333,,,,,,,,,,6770.33333333,,,,,,,,,,,,,,,,,,,,,,,,,,,,,
1736798585000,,,,,,,,,,,,,,,,,,,,,,,,,,,,,,,,,,,,,,,,,,,,,,,,,,,,
1736798600000,,,,,,,,,,,,,,,,,,,,,,,,,,0.0,,,,,,,,0.0,,,,,,0.0,,0.0,,,,,,,,,,
1736798605000,0.0,0.0,0.0,0.0,0.0,0.0,0.0,0.0,0.0,0.0,0.0,0.0,0.0,0.0,0.0,0.0,0.0,0.0,0.0,0.0,0.0,0.0,0.0,0.0,0.0,0.0,0.0,0.0,0.0,0.0,0.0,0.0,0.0,0.0,0.0,0.0,0.0,0.0,0.0,0.0,0.0,0.0,0.0,0.0,0.0,0.0,0.0,0.0,0.0,0.0,0.0,0.0
1736798610000,0.0,5.516666666666,0.0,9.4,21.816666666666,9.2,0.0,0.0,7.216666666666,0.0,0.0,0.0,9.6,0.0,0.0,22.583333333333,24.183333333333,27.25,0.0,6.5,11.716666666666,23.45,0.0,0.0,11.916666666666,8.816666666666,6.6,10.383333333333,0.0,0.0,12.916666666666,8.766666666666,21.1,20.5,5.633333333333,5.533333333333,0.0,9.816666666666,0.0,9.283333333333,8.216666666666,10.633333333333,13.6,9.966666666666,1.383333333333,22.266666666666,0.0,0.0,17.716666666666,0.0,0.0,8.05
1736798615000,12.5,56.6333333333,25.3,68.65,134.3666666666,67.2166666666,26.533333333333,21.033333333333,61.4,15.7,24.583333333333,22.983333333333,66.6666666667,13.916666666666,17.4,135.9,145.8666666666,161.0166666666,16.85,60.6166666667,78.2666666666,144.3333333333,22.033333333333,28.766666666666,79.1,67.6666666666,57.8166666667,72.1,29.333333333333,22.1,84.9,64.2833333333,128.4833333333,127.7833333333,58.5,60.25,26.0,71.6166666666,19.233333333333,71.4333333333,65.9,73.65,91.4333333333,68.8833333333,48.4333333333,132.15,29.733333333333,29.166666666666,110.9833333333,10.916666666666,24.366666666666,57.6333333333
1736798620000,88.15,312.6666666666,149.3166666666,360.7166666666,503.2666666666,348.3166666666,154.5,130.2333333333,341.95,101.05,147.2833333333,144.7833333333,307.7333333333,97.4,108.5,508.2833333333,511.43333333329997,553.55,113.4,320.3666666666,375.7,522.7666666666,134.8,166.7833333333,379.93333333329997,302.15,322.4166666666,362.4666666666,183.7833333333,135.9833333333,380.0666666666,341.4666666666,486.8,489.2833333333,314.0333333333,323.3,164.7,362.9166666666,119.8333333333,357.15,349.1,355.88333333329996,401.7166666666,353.8666666666,266.4833333333,493.2333333333,187.6666666666,182.4833333333,442.55,77.9333333333,146.1333333333,291.9833333333
1736798625000,396.6666666666,735.6833333333,533.0333333333,794.65,902.2,773.1333333333,547.95,489.9,769.7166666666,415.13333333329996,526.0,524.6,661.0333333333,414.1666666666,431.8166666666,927.6666666665999,919.1833333333,963.4666666666,443.3166666666,730.2333333332999,807.2333333332999,925.85,506.8,561.2,815.2666666665999,643.6333333333,721.9333333333,786.9333333333,581.4,504.7666666666,802.1333333333,755.8,915.1666666665999,905.05,727.3333333333,748.1333333333,540.1,791.9166666665999,424.4,774.8333333333,775.1333333333,776.1166666665999,834.4,770.5666666666,674.1833333333,882.65,572.25,578.4166666665999,877.1666666665999,375.2666666666,526.2,636.1833333333
1736798630000,819.1,1154.95,943.8166666666,1210.55,1316.3166666666,1177.6833333333,971.8333333333,876.3,1188.8166666666,837.25,944.2,926.8666666665999,989.7,854.0666666666,846.8,1346.8,1309.7,1377.0333333332999,857.1333333333,1135.2166666665998,1202.4,1345.6333333333,905.7333333332999,984.6,1214.6833333333,969.1833333333,1123.7833333332999,1184.3,1004.5666666666,905.0333333333,1203.5333333332999,1161.4166666666,1333.5166666666,1323.05,1140.5833333333,1168.8333333333,980.0333333333,1194.2,751.35,1172.2166666665998,1188.8666666666,1163.8833333333,1220.75,1164.6666666666,1086.65,1288.3666666666,981.9333333333,1000.8333333333,1269.5,805.05,924.9833333332999,958.3
1736798635000,1215.3,1625.7,1353.2,1694.7666666666,1839.5166666666,1650.1333333333,1394.1166666666,1279.4166666666,1662.0666666666,1221.0166666666,1354.4833333333,1347.05,1380.6833333333,1259.8,1232.7833333332999,1885.05,1831.35,1911.2333333333,1247.5166666666,1600.6333333333,1690.45,1879.4166666666,1315.7666666666,1398.2666666666,1710.3333333333,1352.2833333332999,1582.55,1658.5333333332999,1430.8333333333,1323.2166666665998,1675.4333333333,1621.2166666665998,1864.8,1851.5,1599.4666666665998,1640.2,1400.65,1673.4833333333,1084.7666666666,1642.0333333332999,1663.5,1637.6,1720.55,1637.8166666666,1546.4166666666,1801.3833333333,1421.2,1426.2,1784.2333333333,1198.3166666666,1332.0,1343.2833333332999
1736798640000,1705.2833333332999,2113.3166666665998,1886.7833333332999,2210.0833333333,2365.9333333333,2150.6,1943.5,1790.5333333332999,2168.95,1718.0666666666,1890.5166666666,1883.6166666666,1810.9333333333,1771.8166666666,1726.2,2425.2666666666,2339.75,2390.9,1744.35,2079.7833333333,2212.45,2407.3333333333003,1840.1,1941.4833333333,2237.8833333333,1772.8666666666,2056.2166666666,2170.9333333332997,1993.8,1845.1833333333,2191.55,2129.1666666666,2426.6666666666,2397.5166666666,2081.3333333333,2135.7,1945.3333333333,2190.5833333333,1514.6666666666,2148.0333333333,2178.5833333333,2143.6833333332997,2238.0166666666,2141.95,2041.9,2316.8166666665998,1960.55,1987.1,2320.5333333333,1685.8333333333,1857.7166666665998,1759.0666666666
1736798645000,2222.1,2678.2666666666,2410.0333333333,2790.0166666666,2849.1666666666,2713.55,2481.3666666666,2303.6,2745.4,2236.6666666666,2423.7333333333004,2412.85,2258.2333333333,2313.3,2249.7,2907.3166666665998,2815.2666666666,2872.0333333333,2270.0666666665998,2634.75,2766.35,2896.5166666666,2363.7666666666,2428.5666666665998,2796.25,2210.25,2605.5833333333003,2729.65,2470.8666666666,2381.2666666666,2724.1833333333,2680.5666666665998,2905.0,2860.1333333333,2634.1,2703.8166666665998,2434.4666666666,2751.4,1941.1166666666,2694.4333333333,2740.5333333333,2676.75,2758.9333333333,2697.9333333333,2573.9666666666,2786.8666666666,2414.95,2460.85,2817.05,2205.35,2364.5166666666,2205.9333333332997
1736798650000,2739.4166666666,3052.95,2884.8666666666,3152.5666666665998,3200.7,3070.35,2974.6,2770.1166666666,3126.5666666665998,2740.0333333333,2919.05,2895.2333333333004,2541.7166666666,2844.4666666666,2740.45,3288.8166666665998,3109.0666666665998,3188.9666666666,2753.1833333333,3000.6,3105.1333333333,3216.0833333333003,2839.6833333333,2916.6833333333,3139.1666666666,2488.25,2975.2166666666,3062.8666666666,2968.7166666666,2844.0,3047.4,3047.9166666666,3300.7333333333004,3260.5166666666,3003.4,3081.65,2924.7833333333,3088.0,2322.6833333333,3034.3,3116.1666666666,3013.0,3095.0833333333003,3039.55,2946.8166666665998,3130.9833333333004,2902.1333333333,2955.35,3192.2333333333004,2758.35,2829.2666666666,2477.1333333333
1736798655000,3074.7,3355.7,3186.5,3473.76666667,3508.1666666700003,3378.0,3282.1,3111.5166666666,3430.38333333,3062.95,3237.5,3223.6833333333,2800.3166666665998,3191.15,3098.0666666665998,3605.26666667,3434.96666667,3509.03333333,3056.5,3300.0,3438.45,3548.96666667,3169.8,3239.3333333333003,3477.81666667,2740.7,3264.5166666666,3381.71666667,3307.5833333333003,3207.45,3378.48333333,3347.3,3638.38333333,3582.03333333,3311.0166666666,3398.23333333,3247.5833333333003,3411.5,2586.2,3343.93333333,3426.15,3331.8166666665998,3428.1,3346.3,3287.5833333333003,3431.1666666700003,3240.2333333333004,3293.0666666665998,3505.4,3116.2833333333,3117.2333333333004,2738.6666666666
1736798660000,3420.06666667,3714.9166666700003,3524.35,3852.93333333,3911.7,3744.55,3629.36666667,3409.73333333,3791.05,3403.88333333,3573.11666667,3556.75,3118.1833333333,3532.88333333,3401.11666667,4009.76666667,3833.78333333,3907.73333333,3426.9166666700003,3639.43333333,3823.65,3949.85,3473.61666667,3566.18333333,3867.18333333,3052.9166666666,3610.38333333,3760.88333333,3646.23333333,3514.96666667,3757.9,3705.51666667,4022.9166666700003,3965.96666667,3651.96666667,3745.76666667,3575.96666667,3794.23333333,2843.7333333333004,3716.8,3791.01666667,3707.86666667,3796.13333333,3715.4,3617.01666667,3818.48333333,3573.55,3628.4,3892.98333333,3423.95,3453.18333333,3042.9
1736798665000,3793.28333333,4065.1,3939.4,4219.76666667,4272.35,4105.1,4055.25,3796.05,4173.61666667,3756.4166666700003,3982.18333333,3958.65,3408.53333333,3913.3333333299997,3778.73333333,4380.43333333,4165.2,4253.01666667,3797.55,4018.01666667,4178.78333333,4301.2,3873.51666667,3969.61666667,4226.66666667,3334.76666667,3974.48333333,4114.15,4039.93333333,3909.55,4118.26666667,4069.3,4409.68333333,4346.66666667,4029.9166666700003,4135.91666667,3978.51666667,4150.3,3166.2833333333,4064.21666667,4165.45,4048.9166666700003,4187.06666667,4066.43333333,3991.53333333,4168.93333333,3948.76666667,4022.05,4251.5,3812.46666667,3857.1,3325.6166666666
1736798670000,4171.7,4484.58333333,4275.08333333,4619.38333333,4626.76666667,4491.88333333,4403.63333333,4147.86666667,4574.81666667,4144.5,4330.13333333,4310.55,3718.03333333,4318.98333333,4121.98333333,4747.43333333,4499.03333333,4557.65,4167.23333333,4396.31666667,4543.41666667,4651.08333333,4232.1,4320.48333333,4595.1,3640.01666667,4349.23333333,4479.01666667,4413.53333333,4275.31666667,4467.78333333,4457.01666667,4769.95,4708.7,4397.76666667,4514.2,4332.61666667,4519.05,3447.9,4435.43333333,4562.85,4403.88333333,4539.53333333,4442.75,4370.08333333,4519.35,4324.75,4393.95,4622.1,4165.78333333,4192.15,3628.6
1736798675000,4495.95,4780.43333333,4609.83333333,4896.76666667,4884.05,4762.5,4747.26666667,4493.63333333,4852.96666667,4503.38333333,4685.81666667,4662.23333333,3932.31666667,4679.01666667,4485.11666667,5018.83333333,4750.05,4836.65,4506.63333333,4666.9,4828.8,4908.45,4580.5,4645.01666667,4883.78333333,3846.5833333299997,4622.01666667,4761.35,4733.3,4629.73333333,4744.45,4720.4,5016.23333333,4982.65,4684.43333333,4806.86666667,4642.83333333,4804.51666667,3725.13333333,4711.2,4831.46666667,4682.0,4814.7,4716.66666667,4668.38333333,4772.66666667,4630.98333333,4712.58333333,4895.88333333,4529.8,4509.13333333,3857.18333333
1736798680000,4801.9,4906.31666667,4867.1,5003.98333333,4828.11666667,4871.28333333,5012.31666667,4745.8,4967.3,4774.28333333,4941.9,4919.83333333,4011.4166666700003,4957.26666667,4751.18333333,4969.3,4667.43333333,4698.4,4763.65,4785.01666667,4902.65,4834.53333333,4834.65,4920.73333333,4958.96666667,3924.03333333,4726.6,4840.05,5014.95,4888.96666667,4828.23333333,4833.5,5040.48333333,4954.7,4809.53333333,4933.9,4930.31666667,4885.73333333,3928.9166666700003,4795.08333333,4947.65,4761.9,4872.66666667,4809.31666667,4831.28333333,4719.0,4901.11666667,4993.15,4933.13333333,4813.13333333,4773.41666667,3921.45
1736798685000,4830.45,4784.16666667,4774.63333333,4874.31666667,4787.31666667,4739.21666667,4915.83333333,4691.16666667,4835.63333333,4813.16666667,4866.41666667,4845.51666667,3898.13333333,5023.71666667,4784.9,4910.11666667,4629.48333333,4689.98333333,4800.05,4663.93333333,4791.26666667,4798.95,4774.43333333,4774.55,4848.78333333,3818.1,4616.06666667,4720.26666667,4845.51666667,4837.01666667,4694.51666667,4706.93333333,4954.93333333,4885.93333333,4688.4,4810.55,4808.4,4762.85,3862.5,4675.46666667,4816.18333333,4648.73333333,4730.86666667,4683.76666667,4715.91666667,4675.85,4734.73333333,4825.6,4800.65,4886.56666667,4663.18333333,3825.35
1736798690000,4570.45,4736.25,4752.13333333,4850.15,4706.08333333,4715.31666667,4894.96666667,4648.96666667,4812.48333333,4684.55,4822.4,4811.08333333,3873.06666667,4885.86666667,4662.66666667,4805.03333333,4559.08333333,4590.01666667,4682.36666667,4612.6,4770.5,4712.35,4727.58333333,4766.9,4826.65,3788.3333333299997,4591.3,4700.51666667,4853.48333333,4789.35,4660.93333333,4681.31666667,4874.73333333,4791.51666667,4631.5,4754.66666667,4781.8,4743.45,3844.73333333,4651.6,4791.73333333,4624.1,4712.45,4665.85,4673.31666667,4565.6,4752.56666667,4830.15,4773.41666667,4776.01666667,4657.31666667,3808.48333333
1736798695000,4693.8,4560.3,4658.81666667,4624.15,4492.06666667,4493.93333333,4798.53333333,4539.55,4603.4,4665.78333333,4752.41666667,4725.06666667,3717.06666667,4855.1,4631.81666667,4575.68333333,4336.48333333,4358.05,4637.7,4435.48333333,4571.26666667,4488.53333333,4648.26666667,4668.46666667,4624.23333333,3634.81666667,4385.03333333,4513.6,4750.88333333,4705.5,4477.31666667,4473.86666667,4654.48333333,4570.15,4461.25,4580.06666667,4679.73333333,4551.61666667,3769.3333333299997,4462.83333333,4575.83333333,4430.58333333,4504.15,4473.66666667,4512.0,4385.16666667,4636.56666667,4726.18333333,4562.2,4756.06666667,4553.81666667,3652.8
1736798700000,4443.21666667,4400.38333333,4433.55,4502.46666667,4410.95,4375.58333333,4564.85,4359.28333333,4460.38333333,4460.51666667,4526.0,4498.25,3595.46666667,4644.31666667,4430.15,4523.05,4274.03333333,4319.53333333,4433.56666667,4299.33333333,4425.18333333,4412.66666667,4429.61666667,4439.33333333,4475.86666667,3519.0,4258.25,4356.93333333,4500.43333333,4452.5,4336.85,4339.33333333,4556.11666667,4489.31666667,4312.26666667,4426.31666667,4441.95,4396.11666667,3585.2,4313.11666667,4444.98333333,4283.46666667,4381.1,4319.26666667,4315.3,4303.28333333,4386.1,4477.25,4441.93333333,4556.86666667,4327.25,3529.75
1736798705000,4383.38333333,4356.91666667,4370.35,4455.38333333,4429.3,4331.41666667,4500.31666667,4270.73333333,4421.98333333,4341.2,4446.98333333,4423.23333333,3571.1,4514.8,4313.48333333,4555.88333333,4281.61666667,4362.35,4327.71666667,4252.66666667,4397.68333333,4425.28333333,4349.65,4413.06666667,4452.11666667,3501.0833333299997,4212.93333333,4326.55,4500.91666667,4394.51666667,4316.83333333,4298.08333333,4603.2,4545.71666667,4270.51666667,4382.73333333,4401.85,4364.53333333,3526.06666667,4278.51666667,4407.65,4262.98333333,4368.66666667,4284.61666667,4288.53333333,4320.15,4408.61666667,4478.75,4463.25,4412.53333333,4271.23333333,3502.55
1736798710000,4378.05,4529.98333333,4391.88333333,4644.75,4583.95,4510.51666667,4520.38333333,4295.55,4591.55,4335.3,4450.21666667,4443.81666667,3725.96666667,4502.86666667,4323.9,4709.43333333,4469.01666667,4519.18333333,4340.68333333,4422.13333333,4581.31666667,4608.26666667,4366.91666667,4435.78333333,4650.58333333,3645.35,4362.41666667,4514.1,4538.1,4436.1,4516.73333333,4472.65,4750.36666667,4688.78333333,4436.3,4553.98333333,4446.7,4556.71666667,3548.3333333299997,4464.3,4581.3,4434.75,4561.6,4469.4,4448.86666667,4484.03333333,4444.08333333,4517.16666667,4618.65,4381.6,4290.25,3660.68333333
1736798715000,4558.26666667,4630.16666667,4591.8,4718.38333333,4638.53333333,4592.15,4728.08333333,4458.7,4676.95,4525.75,4636.71666667,4618.96666667,3790.2,4700.88333333,4481.85,4753.2,4512.63333333,4590.2,4559.93333333,4503.95,4644.61666667,4652.01666667,4539.2,4598.06666667,4699.66666667,3708.85,4452.58333333,4581.86666667,4674.1,4591.7,4570.5,4552.06666667,4777.96666667,4716.26666667,4516.68333333,4634.98333333,4607.38333333,4624.01666667,3696.03333333,4531.05,4658.58333333,4501.83333333,4602.18333333,4542.78333333,4517.53333333,4525.88333333,4564.58333333,4649.85,4670.88333333,4560.11666667,4493.55,3707.4166666700003
1736798720000,4604.1,4643.36666667,4616.75,4716.86666667,4621.45,4587.75,4756.13333333,4495.86666667,4695.01666667,4544.65,4688.03333333,4662.78333333,3759.96666667,4744.8,4536.11666667,4758.38333333,4467.08333333,4523.8,4542.65,4529.66666667,4607.15,4623.63333333,4595.41666667,4664.38333333,4662.25,3678.26666667,4470.61666667,4549.7,4750.95,4634.86666667,4537.15,4561.4,4789.6,4725.76666667,4542.0,4664.9,4677.03333333,4591.48333333,3732.05,4508.21666667,4671.06666667,4461.68333333,4593.9,4526.85,4555.51666667,4525.11666667,4638.81666667,4728.65,4650.83333333,4635.05,4527.01666667,3690.3333333299997
1736798725000,4551.35,4660.86666667,4552.23333333,4728.98333333,4611.73333333,4596.7,4692.76666667,4498.3,4682.21666667,4562.78333333,4648.68333333,4636.03333333,3786.76666667,4734.01666667,4510.35,4746.95,4484.28333333,4539.11666667,4530.16666667,4503.85,4651.76666667,4633.86666667,4574.56666667,4603.08333333,4706.26666667,3704.73333333,4459.46666667,4580.15,4690.0,4637.56666667,4565.7,4555.05,4772.0,4710.01666667,4523.9,4643.13333333,4611.05,4626.31666667,3706.4,4539.51666667,4658.73333333,4510.75,4593.9,4547.61666667,4537.46666667,4516.63333333,4589.21666667,4667.86666667,4683.55,4593.41666667,4472.83333333,3716.96666667
1736798730000,4601.78333333,4612.25,4591.16666667,4699.31666667,4632.36666667,4568.71666667,4729.01666667,4486.28333333,4665.85,4547.23333333,4669.55,4645.98333333,3770.6,4735.91666667,4521.01666667,4757.7,4493.88333333,4577.68333333,4505.9,4498.45,4621.36666667,4652.73333333,4565.36666667,4618.0,4677.11666667,3688.3,4449.05,4562.53333333,4696.86666667,4621.91666667,4556.2,4539.53333333,4791.78333333,4721.06666667,4527.93333333,4650.11666667,4625.8,4598.71666667,3707.45,4515.21666667,4639.23333333,4485.03333333,4591.73333333,4525.48333333,4504.53333333,4527.0,4584.0,4673.71666667,4658.13333333,4637.9,4486.88333333,3697.1666666700003
1736798735000,4581.78333333,4658.75,4602.28333333,4738.2,4615.23333333,4605.0,4741.4,4495.6,4706.56666667,4542.16666667,4677.98333333,4663.13333333,3799.18333333,4731.78333333,4519.76666667,4734.53333333,4497.6,4522.38333333,4538.36666667,4541.33333333,4674.0,4643.9,4586.45,4645.73333333,4730.81666667,3716.65,4482.38333333,4610.81666667,4728.11666667,4636.68333333,4570.05,4574.96666667,4804.5,4701.7,4563.06666667,4684.86666667,4656.01666667,4654.11666667,3718.86666667,4562.51666667,4683.31666667,4528.95,4596.23333333,4547.01666667,4572.55,4513.06666667,4619.23333333,4705.61666667,4656.3,4608.26666667,4502.16666667,3735.6
1736798740000,4560.1,4625.13333333,4607.18333333,4692.45,4685.8,4559.8,4745.25,4477.71666667,4661.91666667,4539.61666667,4677.4,4654.8,3768.31666667,4739.0,4516.83333333,4814.38333333,4558.25,4655.6,4540.51666667,4503.21666667,4656.25,4708.65,4568.96666667,4585.65,4712.48333333,3689.73333333,4449.76666667,4589.83333333,4678.68333333,4619.06666667,4540.18333333,4527.26666667,4825.58333333,4766.75,4522.86666667,4643.3,4604.63333333,4633.06666667,3718.21666667,4534.78333333,4633.2,4509.01666667,4589.11666667,4540.95,4528.76666667,4588.13333333,4570.15,4655.7,4677.55,4626.41666667,4494.2,3716.36666667
1736798745000,4566.61666667,4721.76666667,4663.38333333,4829.75,4705.33333333,4696.08333333,4813.91666667,4556.4,4791.75,4552.21666667,4738.95,4719.0,3879.06666667,4728.58333333,4533.81666667,4837.5,4565.18333333,4630.98333333,4550.51666667,4613.73333333,4755.98333333,4731.65,4638.78333333,4733.86666667,4810.78333333,3796.13333333,4562.96666667,4699.78333333,4830.43333333,4691.73333333,4669.31666667,4656.95,4887.96666667,4811.5,4625.75,4747.21666667,4746.88333333,4740.08333333,3766.26666667,4641.16666667,4766.56666667,4609.85,4712.93333333,4650.83333333,4632.05,4600.13333333,4722.36666667,4805.7,4745.25,4643.06666667,4568.61666667,3799.35
1736798750000,4882.53333333,4754.9,4680.11666667,4820.0,4723.68333333,4686.15,4820.11666667,4573.9,4786.65,4643.61666667,4762.63333333,4742.7,3879.8333333299997,4849.2,4642.55,4892.23333333,4573.11666667,4613.36666667,4648.45,4645.08333333,4762.36666667,4742.13333333,4659.11666667,4707.3,4819.88333333,3789.3,4560.18333333,4696.63333333,4801.41666667,4710.91666667,4680.1,4653.16666667,4934.18333333,4863.6,4662.61666667,4787.0,4719.83333333,4740.1,3779.18333333,4649.51666667,4762.16666667,4614.91666667,4725.26666667,4658.93333333,4637.86666667,4654.4,4698.38333333,4778.68333333,4804.75,4741.13333333,4575.61666667,3806.53333333
1736798755000,4686.85,4733.63333333,4683.61666667,4837.65,4810.9,4703.71666667,4824.48333333,4627.88333333,4797.01666667,4677.08333333,4764.18333333,4752.46666667,3899.63333333,4870.11666667,4661.8,4970.95,4685.83333333,4769.45,4678.66666667,4619.68333333,4777.05,4841.05,4675.95,4685.93333333,4833.4,3818.25,4567.8,4705.35,4825.2,4735.1,4701.15,4666.5,4982.9,4921.41666667,4636.88333333,4758.78333333,4699.3,4752.18333333,3788.81666667,4661.51666667,4775.65,4632.3,4771.31666667,4619.58333333,4655.33333333,4700.88333333,4703.43333333,4739.3,4829.65,4748.51666667,4576.35,3817.15
1736798760000,4716.16666667,4854.48333333,4803.95,4899.56666667,4742.86666667,4792.83333333,4950.83333333,4674.4,4885.01666667,4720.51666667,4866.46666667,4852.58333333,3933.0,4916.6,4688.43333333,4886.36666667,4598.05,4649.76666667,4708.05,4713.15,4834.9,4760.51666667,4762.8,4838.05,4892.2,3846.4166666700003,4651.48333333,4779.46666667,4951.81666667,4854.35,4729.55,4757.36666667,4938.55,4867.03333333,4743.88333333,4867.53333333,4860.7,4824.65,3882.96666667,4723.96666667,4864.48333333,4691.8,4767.83333333,4741.1,4769.9,4639.71666667,4845.98333333,4928.28333333,4814.45,4762.28333333,4711.83333333,3866.3
1736798765000,4774.2,4610.03333333,4704.13333333,4702.81666667,4555.36666667,4572.01666667,4847.35,4620.3,4671.0,4716.56666667,4796.65,4770.71666667,3749.63333333,4908.23333333,4672.73333333,4692.83333333,4409.78333333,4456.78333333,4676.43333333,4509.83333333,4603.86666667,4572.93333333,4693.8,4702.85,4653.73333333,3660.8333333299997,4455.71666667,4536.85,4778.48333333,4759.2,4517.11666667,4537.28333333,4708.88333333,4647.3,4534.2,4653.43333333,4738.6,4583.68333333,3806.7,4501.5,4638.48333333,4462.68333333,4569.91666667,4511.98333333,4570.11666667,4459.31666667,4685.7,4755.81666667,4617.58333333,4818.85,4598.11666667,3683.8333333299997
1736798770000,4569.96666667,4414.8,4514.88333333,4517.55,4458.18333333,4394.45,4651.11666667,4433.55,4465.03333333,4524.28333333,4608.53333333,4583.66666667,3621.86666667,4708.38333333,4484.08333333,4569.63333333,4351.53333333,4419.06666667,4494.31666667,4306.01666667,4456.91666667,4494.91666667,4511.01666667,4529.23333333,4494.73333333,3537.38333333,4264.26666667,4382.85,4585.88333333,4568.55,4354.31666667,4346.8,4588.5,4522.01666667,4320.78333333,4434.78333333,4540.93333333,4425.36666667,3650.9166666700003,4339.6,4446.58333333,4320.13333333,4398.21666667,4348.65,4339.7,4347.45,4470.6,4564.26666667,4457.33333333,4588.88333333,4423.6,3552.06666667
1736798775000,4408.03333333,4567.11666667,4441.88333333,4674.51666667,4668.76666667,4541.46666667,4576.8,4317.71666667,4630.33333333,4363.0,4532.33333333,4504.9,3747.56666667,4531.68333333,4328.78333333,4797.53333333,4533.85,4583.11666667,4345.56666667,4459.23333333,4617.43333333,4699.25,4414.51666667,4488.93333333,4670.93333333,3670.81666667,4414.61666667,4541.9,4581.25,4454.55,4523.1,4505.53333333,4820.33333333,4761.06666667,4478.03333333,4597.06666667,4499.15,4584.8,3584.06666667,4496.25,4617.61666667,4476.1,4596.05,4499.71666667,4475.55,4560.48333333,4483.76666667,4562.55,4676.61666667,4427.9,4351.05,3680.05
1736798780000,4581.53333333,4741.08333333,4650.7,4861.18333333,4758.86666667,4730.01666667,4789.63333333,4539.0,4810.55,4572.96666667,4726.96666667,4710.3,3913.1666666700003,4735.51666667,4535.75,4883.26666667,4639.53333333,4715.68333333,4560.9,4629.86666667,4818.28333333,4798.93333333,4622.0,4669.96666667,4872.83333333,3829.05,4576.16666667,4745.61666667,4745.38333333,4673.55,4722.36666667,4678.71666667,4945.15,4868.98333333,4646.01666667,4769.45,4673.38333333,4787.96666667,3747.1666666700003,4686.28333333,4788.0,4674.28333333,4778.26666667,4689.03333333,4616.25,4652.21666667,4642.1,4723.38333333,4810.41666667,4600.98333333,4542.03333333,3835.23333333
1736798785000,4810.4,4754.7,4775.96666667,4883.65,4786.7,4752.33333333,4917.96666667,4626.78333333,4838.25,4715.75,4829.91666667,4808.83333333,3890.75,4920.85,4674.36666667,4910.01666667,4655.66666667,4689.38333333,4679.31666667,4659.03333333,4788.75,4810.81666667,4713.95,4789.4,4850.58333333,3807.81666667,4603.2,4735.0,4884.6,4765.98333333,4671.41666667,4706.1,4952.26666667,4876.06666667,4666.18333333,4789.16666667,4808.45,4775.73333333,3836.45,4688.95,4817.6,4639.23333333,4706.36666667,4699.61666667,4669.43333333,4670.75,4771.35,4860.33333333,4809.41666667,4801.31666667,4649.13333333,3837.88333333
1736798790000,4705.78333333,4806.0,4761.66666667,4910.76666667,4801.1,4776.8,4902.13333333,4645.21666667,4857.23333333,4708.03333333,4845.18333333,4821.63333333,3927.9166666700003,4888.41666667,4693.55,4938.16666667,4686.9,4751.63333333,4713.58333333,4680.51666667,4841.45,4832.01666667,4740.08333333,4760.48333333,4898.4,3842.78333333,4628.91666667,4765.18333333,4869.95,4784.3,4740.25,4723.11666667,4957.4,4874.95,4700.13333333,4821.3,4776.93333333,4816.86666667,3851.26666667,4716.15,4841.55,4686.95,4790.0,4725.56666667,4746.53333333,4695.38333333,4758.15,4846.85,4859.51666667,4778.1,4652.46666667,3860.51666667
1736798795000,4827.2,4810.93333333,4799.3,4919.25,4842.13333333,4783.55,4944.2,4674.3,4876.81666667,4749.91666667,4873.35,4843.51666667,3935.1,4936.51666667,4716.56666667,4989.13333333,4672.43333333,4773.68333333,4724.95,4698.81666667,4832.65,4851.76666667,4756.06666667,4835.46666667,4888.41666667,3850.15,4645.43333333,4757.93333333,4924.3,4811.03333333,4742.85,4744.55,5030.6,4956.6,4717.28333333,4841.61666667,4859.36666667,4802.28333333,3873.31666667,4688.98333333,4855.66666667,4684.2,4796.28333333,4730.36666667,4716.8,4737.71666667,4824.25,4900.05,4877.71666667,4824.63333333,4703.23333333,3856.7
1736798800000,4787.01666667,4834.58333333,4785.16666667,4974.55,4830.56666667,4836.38333333,4928.96666667,4719.9,4896.28333333,4756.95,4878.06666667,4862.9,3962.13333333,4942.6,4732.6,4967.51666667,4723.63333333,4765.86666667,4761.03333333,4714.16666667,4869.7,4883.45,4795.03333333,4856.85,4926.95,3874.6,4660.4,4793.46666667,4916.63333333,4856.46666667,4778.86666667,4789.68333333,5043.85,4958.05,4733.95,4859.28333333,4869.36666667,4837.78333333,3873.6,4750.51666667,4874.18333333,4720.68333333,4830.88333333,4753.6,4753.21666667,4719.05,4802.5,4893.25,4896.0,4850.85,4707.68333333,3888.18333333
1736798805000,4854.36666667,4861.45,4847.1,4957.41666667,4879.93333333,4820.05,4984.88333333,4698.11666667,4910.36666667,4779.65,4922.2,4894.68333333,3973.55,4978.01666667,4757.15,5017.76666667,4754.26666667,4807.11666667,4770.9,4736.36666667,4882.61666667,4902.31666667,4782.85,4851.83333333,4939.63333333,3885.76666667,4676.65,4806.43333333,4937.56666667,4840.45,4793.88333333,4780.33333333,5060.7,4987.86666667,4756.55,4882.51666667,4859.48333333,4855.16666667,3914.46666667,4761.41666667,4895.88333333,4732.63333333,4860.91666667,4770.51666667,4772.73333333,4772.46666667,4818.36666667,4913.78333333,4945.15,4852.85,4737.66666667,3896.88333333
1736798810000,4850.15,4885.6,4854.6,4995.03333333,4959.98333333,4864.2,4999.56666667,4746.43333333,4952.31666667,4830.88333333,4938.28333333,4913.06666667,4014.0833333299997,5020.76666667,4760.78333333,5098.21666667,4819.81666667,4929.93333333,4794.21666667,4777.86666667,4937.16666667,4985.33333333,4832.73333333,4881.98333333,4995.2,3935.15,4722.23333333,4847.1,4972.3,4889.86666667,4828.3,4824.38333333,5108.08333333,5039.6,4792.93333333,4916.23333333,4899.9,4888.68333333,3921.1666666700003,4770.66666667,4930.61666667,4787.06666667,4888.11666667,4785.71666667,4785.16666667,4850.38333333,4852.68333333,4949.11666667,4949.43333333,4866.48333333,4743.98333333,3933.5
1736798815000,4862.73333333,4984.15,4938.05,5138.4,4876.83333333,4995.65,5085.08333333,4824.25,5069.23333333,4835.81666667,5018.6,4997.46666667,4069.53333333,5037.81666667,4801.63333333,5033.06666667,4721.46666667,4734.4,4827.26666667,4874.03333333,5010.56666667,4891.43333333,4912.81666667,5014.51666667,5067.6,3979.35,4828.73333333,4935.78333333,5044.83333333,4969.66666667,4895.81666667,4945.91666667,5109.23333333,5023.15,4886.18333333,5015.6,5026.26666667,4980.91666667,3987.86666667,4885.28333333,5061.46666667,4855.33333333,4919.46666667,4946.68333333,4874.75,4776.93333333,4931.26666667,5084.53333333,4966.93333333,4920.65,4858.55,3998.11666667
1736798820000,5041.5,4860.35,4821.88333333,5009.85,4933.65,4842.76666667,4964.21666667,4759.36666667,4948.43333333,4854.0,4923.61666667,4902.73333333,3982.63333333,5070.76666667,4820.58333333,5062.85,4806.13333333,4898.06666667,4870.6,4759.78333333,4889.83333333,4962.78333333,4838.68333333,4895.76666667,4948.85,3896.3333333299997,4711.45,4821.35,4961.2,4894.51666667,4801.13333333,4793.2,5089.11666667,5016.38333333,4771.56666667,4900.91666667,4822.1,4864.46666667,3904.03333333,4775.01666667,4914.1,4739.13333333,4867.38333333,4782.71666667,4786.45,4818.73333333,4846.78333333,4937.71666667,4952.81666667,4993.71666667,4709.2,3909.45
1736798825000,4849.06666667,5056.01666667,4930.8,5170.08333333,5031.73333333,5029.06666667,5077.78333333,4790.56666667,5107.41666667,4812.58333333,4994.9,4974.33333333,4143.3,5017.18333333,4804.2,5176.16666667,4881.46666667,4949.23333333,4835.93333333,4922.7,5071.8,5056.05,4883.65,4985.61666667,5134.51666667,4053.86666667,4866.1,5005.68333333,5075.28333333,4934.16666667,4974.88333333,4984.4,5245.53333333,5158.93333333,4934.51666667,5064.25,4996.81666667,5051.48333333,3972.81666667,4955.05,5109.48333333,4916.51666667,5017.4,4967.95,4927.21666667,4926.36666667,4944.66666667,5050.85,5082.73333333,4874.01666667,4821.03333333,4056.31666667
1736798830000,4980.06666667,5023.06666667,4996.55,5114.53333333,4917.0,4973.0,5144.21666667,4898.16666667,5086.3,4954.06666667,5083.63333333,5066.68333333,4085.01666667,5172.21666667,4927.8,5062.61666667,4768.66666667,4792.71666667,4946.08333333,4908.31666667,5024.63333333,4935.26666667,4981.95,5037.78333333,5082.95,4002.18333333,4845.38333333,4958.73333333,5132.8,5044.95,4922.33333333,4937.76666667,5132.56666667,5045.68333333,4937.33333333,5045.98333333,5044.63333333,5003.23333333,4040.38333333,4901.43333333,5059.1,4868.76666667,4969.11666667,4908.81666667,4959.86666667,4810.21666667,5019.48333333,5107.65,4998.86666667,5058.76666667,4878.05,4012.23333333
1736798835000,4941.73333333,4817.13333333,4885.53333333,4916.68333333,4819.83333333,4779.0,5030.73333333,4788.2,4882.78333333,4896.95,4969.58333333,4946.2,3937.26666667,5122.78333333,4845.46666667,4952.51666667,4697.16666667,4764.61666667,4851.45,4704.18333333,4832.31666667,4839.41666667,4867.53333333,4868.75,4895.38333333,3847.4,4649.26666667,4771.3,4971.06666667,4927.6,4743.01666667,4747.55,4990.35,4918.71666667,4717.33333333,4844.31666667,4885.18333333,4813.0,3945.3,4724.55,4853.36666667,4680.78333333,4798.0,4733.95,4729.85,4709.78333333,4848.26666667,4945.98333333,4865.63333333,4999.61666667,4770.11666667,3866.73333333
1736798840000,4794.73333333,4848.45,4805.86666667,4967.6,4930.81666667,4829.65,4948.35,4684.7,4926.36666667,4747.81666667,4875.33333333,4849.18333333,3972.45,4942.75,4717.66666667,5061.43333333,4798.23333333,4857.88333333,4734.26666667,4738.4,4886.9,4952.78333333,4772.53333333,4833.61666667,4944.98333333,3885.2,4696.26666667,4816.28333333,4928.96666667,4830.0,4785.93333333,4791.45,5084.9,5015.05,4753.25,4881.16666667,4845.26666667,4864.95,3884.8,4765.98333333,4912.05,4733.96666667,4842.53333333,4777.28333333,4777.31666667,4805.95,4816.6,4905.93333333,4955.93333333,4817.46666667,4696.01666667,3900.88333333
1736798845000,4842.23333333,5037.1,4912.98333333,5144.45,5039.26666667,4997.06666667,5058.66666667,4780.2,5097.53333333,4810.76666667,4996.18333333,4963.63333333,4143.85,4994.76666667,4807.75,5184.93333333,4894.83333333,4975.46666667,4836.16666667,4905.83333333,5083.2,5062.15,4881.65,4940.13333333,5132.53333333,4052.81666667,4858.18333333,5000.3,5019.6,4930.55,4998.53333333,4956.98333333,5243.76666667,5159.6,4923.58333333,5056.38333333,4950.41666667,5044.76666667,3961.0,4941.53333333,5074.66666667,4921.9,5056.93333333,4946.03333333,4922.85,4932.33333333,4907.65,4995.56666667,5106.68333333,4871.13333333,4811.45,4044.1
1736798850000,5055.56666667,,,,,5013.66666667,5165.95,4905.86666667,,4979.8,,5072.11666667,,5167.81666667,4953.76666667,,,,4969.63333333,,,,,5069.96666667,,,4868.11666667,4992.33333333,5146.53333333,5053.3,,,,,,,,,4047.6,,,,,,4916.56666667,,,,,5056.53333333,,
1736798855000,,,,,,,,,,,,,,,,,,,,,,,,,,,,,,,,,,,,,,,,,,,,,,,,,,,,
