,flink_taskmanager_job_task_Shuffle_Netty_Input_Buffers_inputQueueLength
,Source:_Source2
,0
Timestamp,
1737528570000,0.0
1737528575000,0.0
1737528580000,0.0
1737528585000,0.0
1737528590000,0.0
1737528595000,0.0
1737528600000,0.0
1737528605000,0.0
1737528610000,0.0
1737528615000,0.0
1737528620000,0.0
1737528625000,0.0
1737528630000,0.0
1737528635000,0.0
1737528640000,0.0
1737528645000,0.0
1737528650000,0.0
1737528655000,0.0
1737528660000,0.0
1737528665000,0.0
1737528670000,0.0
1737528675000,0.0
1737528680000,0.0
1737528685000,0.0
1737528690000,0.0
1737528695000,0.0
1737528700000,0.0
1737528705000,0.0
1737528710000,0.0
1737528715000,0.0
1737528720000,0.0
1737528725000,0.0
1737528730000,0.0
1737528735000,0.0
1737528740000,0.0
1737528745000,0.0
1737528750000,0.0
1737528755000,0.0
1737528760000,0.0
1737528765000,0.0
1737528770000,0.0
1737528775000,0.0
1737528780000,0.0
1737528785000,0.0
1737528790000,0.0
1737528795000,0.0
1737528800000,0.0
1737528805000,0.0
1737528810000,0.0
1737528815000,
