,flink_taskmanager_job_task_estimatedTimeToConsumeBuffersMs
,Source:_Source2
,0
Timestamp,
1737117275000,-9.223372036854775e+18
1737117280000,-9.223372036854775e+18
1737117285000,-9.223372036854775e+18
1737117290000,-9.223372036854775e+18
1737117295000,-9.223372036854775e+18
1737117300000,-9.223372036854775e+18
1737117305000,-9.223372036854775e+18
1737117310000,-9.223372036854775e+18
1737117315000,-9.223372036854775e+18
1737117320000,-9.223372036854775e+18
1737117325000,-9.223372036854775e+18
1737117330000,-9.223372036854775e+18
1737117335000,-9.223372036854775e+18
1737117340000,-9.223372036854775e+18
1737117345000,-9.223372036854775e+18
1737117350000,-9.223372036854775e+18
1737117355000,-9.223372036854775e+18
1737117360000,-9.223372036854775e+18
1737117365000,-9.223372036854775e+18
1737117370000,-9.223372036854775e+18
1737117375000,-9.223372036854775e+18
1737117380000,-9.223372036854775e+18
1737117385000,-9.223372036854775e+18
1737117390000,-9.223372036854775e+18
1737117395000,-9.223372036854775e+18
1737117400000,-9.223372036854775e+18
1737117405000,-9.223372036854775e+18
1737117410000,-9.223372036854775e+18
1737117415000,-9.223372036854775e+18
1737117420000,-9.223372036854775e+18
1737117425000,-9.223372036854775e+18
1737117430000,-9.223372036854775e+18
1737117435000,-9.223372036854775e+18
1737117440000,-9.223372036854775e+18
1737117445000,-9.223372036854775e+18
1737117450000,-9.223372036854775e+18
1737117455000,-9.223372036854775e+18
1737117460000,-9.223372036854775e+18
1737117465000,-9.223372036854775e+18
1737117470000,-9.223372036854775e+18
1737117475000,-9.223372036854775e+18
1737117480000,-9.223372036854775e+18
1737117485000,-9.223372036854775e+18
1737117490000,-9.223372036854775e+18
1737117495000,-9.223372036854775e+18
1737117500000,-9.223372036854775e+18
1737117505000,-9.223372036854775e+18
1737117510000,-9.223372036854775e+18
1737117515000,
1737117535000,-9.223372036854776e+18
1737117540000,-9.223372036854776e+18
1737117545000,-9.223372036854775e+18
1737117550000,-9.223372036854776e+18
1737117555000,-9.223372036854776e+18
1737117560000,-9.223372036854776e+18
1737117565000,-9.223372036854776e+18
1737117570000,-9.223372036854776e+18
1737117575000,-9.223372036854775e+18
1737117580000,-9.223372036854775e+18
1737117585000,-9.223372036854775e+18
1737117590000,-9.223372036854775e+18
1737117595000,-9.223372036854775e+18
1737117600000,-9.223372036854775e+18
1737117605000,-9.223372036854775e+18
1737117610000,-9.223372036854775e+18
1737117615000,-9.223372036854775e+18
1737117620000,-9.223372036854775e+18
1737117625000,-9.223372036854775e+18
1737117630000,-9.223372036854775e+18
1737117635000,-9.223372036854775e+18
1737117640000,-9.223372036854775e+18
1737117645000,-9.223372036854775e+18
1737117650000,-9.223372036854775e+18
1737117655000,-9.223372036854775e+18
1737117660000,-9.223372036854775e+18
1737117665000,-9.223372036854775e+18
1737117670000,-9.223372036854775e+18
1737117675000,-9.223372036854775e+18
1737117680000,-9.223372036854775e+18
1737117685000,-9.223372036854775e+18
1737117690000,-9.223372036854775e+18
1737117695000,-9.223372036854775e+18
1737117700000,-9.223372036854775e+18
1737117705000,-9.223372036854775e+18
1737117710000,-9.223372036854775e+18
1737117715000,-9.223372036854775e+18
1737117720000,-9.223372036854775e+18
1737117725000,-9.223372036854775e+18
1737117730000,-9.223372036854775e+18
1737117735000,-9.223372036854775e+18
1737117740000,-9.223372036854775e+18
1737117745000,-9.223372036854775e+18
1737117750000,-9.223372036854775e+18
1737117755000,-9.223372036854775e+18
1737117760000,-9.223372036854775e+18
1737117765000,-9.223372036854775e+18
1737117770000,-9.223372036854775e+18
1737117775000,-9.223372036854775e+18
1737117780000,-9.223372036854775e+18
1737117785000,-9.223372036854775e+18
1737117790000,
1737117850000,-9.223372036854775e+18
1737117855000,-9.223372036854775e+18
1737117860000,-9.223372036854775e+18
1737117865000,-9.223372036854775e+18
1737117870000,-9.223372036854775e+18
1737117875000,-9.223372036854775e+18
1737117880000,-9.223372036854775e+18
1737117885000,
1737117905000,-9.223372036854775e+18
1737117910000,-9.223372036854775e+18
1737117915000,-9.223372036854775e+18
1737117920000,-9.223372036854775e+18
1737117925000,-9.223372036854775e+18
1737117930000,-9.223372036854775e+18
1737117935000,-9.223372036854775e+18
1737117940000,-9.223372036854775e+18
1737117945000,-9.223372036854775e+18
1737117950000,-9.223372036854775e+18
1737117955000,-9.223372036854775e+18
1737117960000,-9.223372036854775e+18
1737117965000,-9.223372036854775e+18
1737117970000,-9.223372036854775e+18
1737117975000,-9.223372036854775e+18
1737117980000,-9.223372036854775e+18
1737117985000,-9.223372036854775e+18
1737117990000,-9.223372036854775e+18
1737117995000,-9.223372036854775e+18
1737118000000,-9.223372036854775e+18
1737118005000,-9.223372036854775e+18
1737118010000,-9.223372036854775e+18
1737118015000,-9.223372036854775e+18
1737118020000,-9.223372036854775e+18
1737118025000,-9.223372036854775e+18
1737118030000,-9.223372036854775e+18
1737118035000,-9.223372036854775e+18
1737118040000,-9.223372036854775e+18
1737118045000,-9.223372036854775e+18
1737118050000,-9.223372036854775e+18
1737118055000,-9.223372036854775e+18
1737118060000,-9.223372036854775e+18
1737118065000,-9.223372036854775e+18
1737118070000,-9.223372036854775e+18
1737118075000,-9.223372036854775e+18
1737118080000,-9.223372036854775e+18
1737118085000,-9.223372036854775e+18
1737118090000,-9.223372036854775e+18
1737118095000,-9.223372036854775e+18
1737118100000,-9.223372036854775e+18
1737118105000,-9.223372036854775e+18
1737118110000,-9.223372036854775e+18
1737118115000,
1737118155000,-9.223372036854775e+18
1737118160000,-9.223372036854775e+18
1737118165000,-9.223372036854775e+18
1737118170000,-9.223372036854775e+18
1737118175000,-9.223372036854775e+18
1737118180000,-9.223372036854775e+18
1737118185000,
1737118210000,-9.223372036854775e+18
1737118215000,-9.223372036854775e+18
1737118220000,-9.223372036854775e+18
1737118225000,-9.223372036854775e+18
1737118230000,-9.223372036854775e+18
1737118235000,-9.223372036854775e+18
1737118240000,-9.223372036854775e+18
1737118245000,-9.223372036854775e+18
1737118250000,-9.223372036854775e+18
1737118255000,-9.223372036854775e+18
1737118260000,-9.223372036854775e+18
1737118265000,-9.223372036854775e+18
1737118270000,-9.223372036854775e+18
1737118275000,-9.223372036854775e+18
1737118280000,-9.223372036854775e+18
1737118285000,-9.223372036854775e+18
1737118290000,-9.223372036854775e+18
1737118295000,-9.223372036854775e+18
1737118300000,-9.223372036854775e+18
1737118305000,-9.223372036854775e+18
1737118310000,-9.223372036854775e+18
1737118315000,-9.223372036854775e+18
1737118320000,-9.223372036854775e+18
1737118325000,-9.223372036854775e+18
1737118330000,-9.223372036854775e+18
1737118335000,-9.223372036854775e+18
1737118340000,-9.223372036854775e+18
1737118345000,-9.223372036854775e+18
1737118350000,-9.223372036854775e+18
1737118355000,-9.223372036854775e+18
1737118360000,-9.223372036854775e+18
1737118365000,-9.223372036854775e+18
1737118370000,-9.223372036854775e+18
1737118375000,-9.223372036854775e+18
1737118380000,-9.223372036854775e+18
1737118385000,-9.223372036854775e+18
1737118390000,-9.223372036854775e+18
1737118395000,-9.223372036854775e+18
1737118400000,
