,flink_taskmanager_job_task_Shuffle_Netty_Output_Buffers_outputQueueLength
,Source:_Source2
,0
Timestamp,
1737510460000,0.0
1737510465000,0.0
1737510470000,0.0
1737510475000,2.0
1737510480000,1.0
1737510485000,0.0
1737510490000,10.0
1737510495000,4.0
1737510500000,9.0
1737510505000,9.0
1737510510000,9.0
1737510515000,9.0
1737510520000,9.0
1737510525000,9.0
1737510530000,9.0
1737510535000,9.0
1737510540000,9.0
1737510545000,9.0
1737510550000,9.0
1737510555000,9.0
1737510560000,8.0
1737510565000,9.0
1737510570000,1.0
1737510575000,9.0
1737510580000,9.0
1737510585000,9.0
1737510590000,9.0
1737510595000,1.0
1737510600000,9.0
1737510605000,9.0
1737510610000,9.0
1737510615000,9.0
1737510620000,10.0
1737510625000,9.0
1737510630000,9.0
1737510635000,9.0
1737510640000,9.0
1737510645000,9.0
1737510650000,9.0
1737510655000,9.0
1737510660000,9.0
1737510665000,1.0
1737510670000,8.0
1737510675000,9.0
1737510680000,9.0
1737510685000,9.0
1737510690000,9.0
1737510695000,9.0
1737510700000,9.0
1737510705000,
