Timestamp,"('flink_taskmanager_job_task_numRecordsInPerSecond', 0)","('flink_taskmanager_job_task_numRecordsInPerSecond', 1)","('flink_taskmanager_job_task_numRecordsInPerSecond', 2)","('flink_taskmanager_job_task_numRecordsInPerSecond', 3)","('flink_taskmanager_job_task_numRecordsInPerSecond', 4)","('flink_taskmanager_job_task_numRecordsInPerSecond', 5)","('flink_taskmanager_job_task_busyTimeMsPerSecond', 0)","('flink_taskmanager_job_task_busyTimeMsPerSecond', 1)","('flink_taskmanager_job_task_busyTimeMsPerSecond', 2)","('flink_taskmanager_job_task_busyTimeMsPerSecond', 3)","('flink_taskmanager_job_task_busyTimeMsPerSecond', 4)","('flink_taskmanager_job_task_busyTimeMsPerSecond', 5)","('flink_taskmanager_job_task_hardBackPressuredTimeMsPerSecond', 1)","('flink_taskmanager_job_task_hardBackPressuredTimeMsPerSecond', 2)",flink_jobmanager_job_lastCheckpointSize,flink_jobmanager_job_lastCheckpointDuration,Parallelism
0,0.0,,,,,,1000.0,,,,,,0.0,0.0,-1.0,-1.0,1
5,0.0,,,,,,406.0,,,,,,0.0,0.0,-1.0,-1.0,1
10,0.0,,,,,,202.0,,,,,,0.0,0.0,22464.0,103.0,1
15,95.8833333333,,,,,,188.0,,,,,,0.0,7.0,22464.0,103.0,1
20,728.6666666666,,,,,,308.0,,,,,,0.0,133.0,760643.0,2303.0,1
25,1635.8833333333,,,,,,363.0,,,,,,59.0,127.0,2978490.0,3935.0,1
30,4117.0,,,,,,463.0,,,,,,201.0,264.0,2978490.0,3935.0,1
35,5314.23333333,,,,,,540.0,,,,,,310.0,365.0,8547304.0,5600.0,1
40,6001.35,,,,,,598.0,,,,,,394.0,444.0,8547304.0,5600.0,1
45,8638.06666666,,,,,,642.0,,,,,,550.0,596.0,6883216.0,8423.0,1
50,9582.35,,,,,,678.0,,,,,,626.0,669.0,6883216.0,8423.0,1
55,11532.13333333,,,,,,708.0,,,,,,654.0,692.0,5188355.0,7467.0,1
60,12827.03333333,,,,,,732.0,,,,,,714.0,748.0,5188355.0,7467.0,1
65,14021.45,,,,,,781.0,,,,,,795.0,824.0,10410184.0,8748.0,1
70,16223.4,,,,,,865.0,,,,,,933.0,958.0,10410184.0,8748.0,1
75,16127.51666666,,,,,,935.0,,,,,,1000.0,1000.0,17618264.0,8855.0,1
80,17491.6,,,,,,963.0,,,,,,1000.0,1000.0,17618264.0,8855.0,1
85,17760.96666666,,,,,,998.0,,,,,,1000.0,1000.0,17618264.0,8855.0,1
90,15874.51666666,,,,,,1000.0,,,,,,1000.0,1000.0,22806013.0,11971.0,1
95,16498.66666666,,,,,,1000.0,,,,,,1000.0,1000.0,22806013.0,11971.0,1
100,17215.23333333,,,,,,1000.0,,,,,,1000.0,1000.0,10193123.0,10531.0,1
105,16285.46666666,,,,,,1000.0,,,,,,1000.0,1000.0,10193123.0,10531.0,1
110,17269.73333333,,,,,,1000.0,,,,,,1000.0,1000.0,10193123.0,10531.0,1
115,16105.46666666,,,,,,1000.0,,,,,,1000.0,1000.0,10193123.0,10531.0,1
120,15511.55,,,,,,1000.0,,,,,,1000.0,1000.0,18739138.0,16752.0,1
125,16138.8,,,,,,1000.0,,,,,,1000.0,1000.0,18739138.0,16752.0,1
130,15601.15,,,,,,1000.0,,,,,,1000.0,1000.0,24672490.0,10825.0,1
135,17261.95,,,,,,1000.0,,,,,,1000.0,1000.0,24672490.0,10825.0,1
140,16965.4,,,,,,1000.0,,,,,,1000.0,1000.0,24672490.0,10825.0,1
145,15860.3,,,,,,1000.0,,,,,,1000.0,1000.0,24672490.0,10825.0,1
150,16832.11666666,,,,,,1000.0,,,,,,1000.0,1000.0,33284277.0,17121.0,1
155,16483.8,,,,,,1000.0,,,,,,1000.0,1000.0,33284277.0,17121.0,1
160,16942.95,,,,,,1000.0,,,,,,1000.0,1000.0,33284277.0,17121.0,1
165,16831.8,,,,,,1000.0,,,,,,1000.0,1000.0,12822128.0,10594.0,1
170,16081.91666666,,,,,,1000.0,,,,,,1000.0,1000.0,12822128.0,10594.0,1
175,15956.116666659998,,,,,,1000.0,,,,,,1000.0,1000.0,12822128.0,10594.0,1
180,16889.233333329998,,,,,,1000.0,,,,,,1000.0,1000.0,20516893.0,15092.0,1
185,16647.93333333,,,,,,1000.0,,,,,,1000.0,1000.0,20516893.0,15092.0,1
190,16674.3,,,,,,1000.0,,,,,,1000.0,1000.0,20516893.0,15092.0,1
195,16605.33333333,,,,,,1000.0,,,,,,1000.0,1000.0,26123844.0,10261.0,1
200,15970.98333333,,,,,,1000.0,,,,,,1000.0,1000.0,26123844.0,10261.0,1
205,16607.75,,,,,,1000.0,,,,,,1000.0,1000.0,26123844.0,10261.0,1
210,16764.16666666,,,,,,1000.0,,,,,,1000.0,1000.0,34722924.0,17090.0,1
215,16807.66666666,,,,,,1000.0,,,,,,1000.0,1000.0,34722924.0,17090.0,1
220,15384.033333329999,,,,,,1000.0,,,,,,1000.0,1000.0,34722924.0,17090.0,1
225,15120.633333329999,,,,,,1000.0,,,,,,1000.0,1000.0,9877818.0,11333.0,1
230,15527.4,,,,,,1000.0,,,,,,1000.0,1000.0,9877818.0,11333.0,1
235,16697.35,,,,,,1000.0,,,,,,1000.0,1000.0,9877818.0,11333.0,1
240,16687.16666666,,,,,,1000.0,,,,,,1000.0,1000.0,9877818.0,11333.0,1
245,16780.45,,,,,,1000.0,,,,,,1000.0,1000.0,18734768.0,16253.0,1
250,15348.6,,,,,,1000.0,,,,,,1000.0,1000.0,18734768.0,16253.0,1
255,15348.85,,,,,,1000.0,,,,,,1000.0,1000.0,24592676.0,9799.0,1
260,16092.18333333,,,,,,1000.0,,,,,,1000.0,1000.0,24592676.0,9799.0,1
265,16631.28333333,,,,,,1000.0,,,,,,1000.0,1000.0,24592676.0,9799.0,1
270,15188.58333333,,,,,,1000.0,,,,,,1000.0,1000.0,32491361.0,15039.0,1
275,15245.68333333,,,,,,1000.0,,,,,,1000.0,1000.0,32491361.0,15039.0,1
280,16300.766666659998,,,,,,1000.0,,,,,,1000.0,1000.0,32491361.0,15039.0,1
285,16820.38333333,,,,,,1000.0,,,,,,1000.0,1000.0,13050376.0,13312.0,1
290,16065.15,,,,,,1000.0,,,,,,1000.0,1000.0,13050376.0,13312.0,1
295,16646.4,,,,,,1000.0,,,,,,1000.0,1000.0,13050376.0,13312.0,1
300,16673.11666666,,,,,,1000.0,,,,,,1000.0,1000.0,22429692.0,13766.0,1
305,16900.95,,,,,,1000.0,,,,,,1000.0,1000.0,22429692.0,13766.0,1
310,17832.58333333,,,,,,1000.0,,,,,,1000.0,1000.0,22429692.0,13766.0,1
315,16567.11666666,,,,,,1000.0,,,,,,1000.0,1000.0,27795076.0,10094.0,1
320,16471.9,,,,,,1000.0,,,,,,1000.0,1000.0,27795076.0,10094.0,1
325,16822.016666659998,,,,,,1000.0,,,,,,1000.0,1000.0,21792610.0,10880.0,1
330,18336.233333329998,,,,,,1000.0,,,,,,1000.0,1000.0,21792610.0,10880.0,1
335,18423.13333333,,,,,,1000.0,,,,,,1000.0,1000.0,21792610.0,10880.0,1
340,18579.66666666,,,,,,1000.0,,,,,,1000.0,1000.0,10970227.0,13886.0,1
345,17998.266666659998,,,,,,1000.0,,,,,,1000.0,1000.0,10970227.0,13886.0,1
350,17775.46666666,,,,,,1000.0,,,,,,1000.0,1000.0,10970227.0,13886.0,1
355,16572.21666666,,,,,,1000.0,,,,,,1000.0,1000.0,15409046.0,11124.0,1
360,16613.65,,,,,,1000.0,,,,,,1000.0,1000.0,15409046.0,11124.0,1
365,16165.116666659998,,,,,,1000.0,,,,,,1000.0,1000.0,15409046.0,11124.0,1
370,16759.316666659997,,,,,,1000.0,,,,,,1000.0,1000.0,15409046.0,11124.0,1
375,17999.68333333,,,,,,1000.0,,,,,,1000.0,1000.0,20881675.0,15747.0,1
380,17153.68333333,,,,,,993.0,,,,,,1000.0,1000.0,20881675.0,15747.0,1
385,,,,,,,,,,,,,,,20881675.0,15747.0,0
435,0.0,0.0,,,,,,,,,,,0.0,0.0,-1.0,-1.0,2
440,0.0,0.0,,,,,1000.0,1000.0,,,,,0.0,0.0,-1.0,-1.0,2
445,0.0,0.0,,,,,1000.0,1000.0,,,,,0.0,0.0,-1.0,-1.0,2
450,67.9833333333,0.0,,,,,1000.0,1000.0,,,,,479.0,469.0,-1.0,-1.0,2
455,237.9166666666,0.0,,,,,688.0,1000.0,,,,,651.0,646.0,-1.0,-1.0,2
460,374.6,318.3333333333,,,,,551.0,1000.0,,,,,962.0,948.0,-1.0,-1.0,2
465,930.15,767.4833333333,,,,,604.0,883.0,,,,,922.0,914.0,-1.0,-1.0,2
470,1613.15,1629.4666666666,,,,,670.0,857.0,,,,,928.0,914.0,6434148.0,3612.0,2
475,2336.8833333333,2345.5833333333,,,,,717.0,824.0,,,,,1000.0,1000.0,10614752.0,5980.0,2
480,2715.1333333333,2729.9666666666,,,,,753.0,823.0,,,,,1000.0,1000.0,10614752.0,5980.0,2
485,3600.1,3456.33333333,,,,,780.0,807.0,,,,,1000.0,1000.0,14708716.0,7408.0,2
490,4541.86666667,4565.96666667,,,,,802.0,798.0,,,,,1000.0,1000.0,14708716.0,7408.0,2
495,5391.05,5472.2,,,,,820.0,782.0,,,,,1000.0,1000.0,11917734.0,10453.0,2
500,7172.86666666,7110.71666666,,,,,835.0,768.0,,,,,1000.0,1000.0,11917734.0,10453.0,2
505,8113.733333329999,8204.71666666,,,,,835.0,752.0,,,,,1000.0,1000.0,11917734.0,10453.0,2
510,9307.58333333,9417.91666666,,,,,835.0,716.0,,,,,1000.0,1000.0,11917734.0,10453.0,2
515,11331.783333329999,11608.83333333,,,,,913.0,678.0,,,,,1000.0,1000.0,8735614.0,14408.0,2
520,14241.266666659998,14156.95,,,,,985.0,644.0,,,,,1000.0,1000.0,8735614.0,14408.0,2
525,15538.35,15555.83333333,,,,,1000.0,652.0,,,,,1000.0,1000.0,8735614.0,14408.0,2
530,16644.2,16633.35,,,,,1000.0,649.0,,,,,1000.0,997.0,27763958.0,14085.0,2
535,16570.266666659998,16890.78333333,,,,,1000.0,666.0,,,,,1000.0,943.0,27763958.0,14085.0,2
540,17885.85,17936.36666666,,,,,1000.0,648.0,,,,,1000.0,899.0,27763958.0,14085.0,2
545,17823.05,18071.233333329998,,,,,1000.0,658.0,,,,,1000.0,904.0,27763958.0,14085.0,2
550,17523.93333333,17638.45,,,,,1000.0,661.0,,,,,1000.0,924.0,30464540.0,19088.0,2
555,18454.95,18478.0,,,,,1000.0,663.0,,,,,1000.0,902.0,30464540.0,19088.0,2
560,17519.05,17702.96666666,,,,,1000.0,674.0,,,,,1000.0,899.0,30464540.0,19088.0,2
565,17606.38333333,17566.03333333,,,,,1000.0,661.0,,,,,1000.0,901.0,30464540.0,19088.0,2
570,17554.28333333,17647.43333333,,,,,1000.0,669.0,,,,,997.0,872.0,42879696.0,16385.0,2
575,16945.266666659998,16908.483333329998,,,,,1000.0,672.0,,,,,1000.0,903.0,42879696.0,16385.0,2
580,14692.033333329999,14966.55,,,,,1000.0,686.0,,,,,1000.0,928.0,42879696.0,16385.0,2
585,13665.866666659998,14121.0,,,,,993.0,700.0,,,,,1000.0,936.0,42879696.0,16385.0,2
590,13426.8,13549.65,,,,,993.0,692.0,,,,,1000.0,939.0,35888975.0,22027.0,2
595,14045.5,13794.533333329999,,,,,993.0,683.0,,,,,1000.0,939.0,35888975.0,22027.0,2
600,13604.6,13715.8,,,,,993.0,692.0,,,,,1000.0,938.0,35888975.0,22027.0,2
605,13905.216666659999,13979.2,,,,,993.0,687.0,,,,,1000.0,952.0,35888975.0,22027.0,2
610,14520.616666659998,14518.783333329999,,,,,993.0,690.0,,,,,1000.0,930.0,51468107.0,18170.0,2
615,13525.35,13682.216666659999,,,,,993.0,702.0,,,,,1000.0,938.0,51468107.0,18170.0,2
620,14204.033333329999,14276.75,,,,,993.0,698.0,,,,,1000.0,914.0,51468107.0,18170.0,2
625,14576.866666659998,14705.23333333,,,,,993.0,700.0,,,,,1000.0,923.0,51468107.0,18170.0,2
630,14266.3,14322.1,,,,,993.0,713.0,,,,,1000.0,930.0,51468107.0,18170.0,2
635,13613.8,13894.85,,,,,993.0,731.0,,,,,1000.0,925.0,45123346.0,21866.0,2
640,14167.56666666,14247.16666666,,,,,993.0,729.0,,,,,1000.0,917.0,45123346.0,21866.0,2
645,14930.18333333,14851.66666666,,,,,1000.0,729.0,,,,,1000.0,929.0,45123346.0,21866.0,2
650,14192.516666659998,14532.0,,,,,1000.0,749.0,,,,,1000.0,937.0,45123346.0,21866.0,2
655,13892.16666666,14111.966666659999,,,,,996.0,739.0,,,,,1000.0,965.0,45123346.0,21866.0,2
660,13991.8,14000.33333333,,,,,996.0,727.0,,,,,1000.0,965.0,45123346.0,21866.0,2
665,13781.783333329999,14017.08333333,,,,,996.0,737.0,,,,,1000.0,947.0,62863842.0,25794.0,2
670,13859.866666659998,13977.283333329999,,,,,996.0,729.0,,,,,1000.0,944.0,62863842.0,25794.0,2
675,14744.0,14671.883333329999,,,,,996.0,719.0,,,,,1000.0,951.0,62863842.0,25794.0,2
680,14127.633333329999,14220.5,,,,,996.0,717.0,,,,,1000.0,963.0,62863842.0,25794.0,2
685,13743.766666659998,13875.133333329999,,,,,996.0,720.0,,,,,1000.0,964.0,15165923.0,19351.0,2
690,13908.216666659999,14028.033333329999,,,,,996.0,712.0,,,,,1000.0,958.0,15165923.0,19351.0,2
695,14680.75,14677.08333333,,,,,996.0,702.0,,,,,1000.0,971.0,15165923.0,19351.0,2
700,14553.75,14524.18333333,,,,,996.0,699.0,,,,,1000.0,985.0,15165923.0,19351.0,2
705,14011.1,14045.766666659998,,,,,996.0,706.0,,,,,1000.0,961.0,15165923.0,19351.0,2
710,14021.08333333,14096.58333333,,,,,996.0,704.0,,,,,1000.0,978.0,15165923.0,19351.0,2
715,14793.91666666,14743.83333333,,,,,1000.0,706.0,,,,,1000.0,947.0,30660033.0,26828.0,2
720,14725.06666666,14744.9,,,,,1000.0,720.0,,,,,1000.0,964.0,30660033.0,26828.0,2
725,14750.4,14658.41666666,,,,,1000.0,717.0,,,,,1000.0,956.0,30660033.0,26828.0,2
730,14352.8,14654.716666659999,,,,,998.0,717.0,,,,,1000.0,993.0,30660033.0,26828.0,2
735,14037.18333333,14204.116666659998,,,,,998.0,717.0,,,,,1000.0,989.0,32180140.0,17301.0,2
740,14723.466666659999,14746.4,,,,,998.0,720.0,,,,,1000.0,998.0,32180140.0,17301.0,2
745,14517.033333329999,14466.766666659998,,,,,998.0,729.0,,,,,1000.0,985.0,32180140.0,17301.0,2
750,14826.05,15108.55,,,,,998.0,720.0,,,,,1000.0,988.0,32180140.0,17301.0,2
755,15706.466666659999,15788.266666659998,,,,,996.0,709.0,,,,,1000.0,966.0,34236559.0,22873.0,2
760,15351.98333333,15530.366666659998,,,,,996.0,718.0,,,,,1000.0,961.0,34236559.0,22873.0,2
765,15953.85,16068.016666659998,,,,,996.0,705.0,,,,,1000.0,967.0,34236559.0,22873.0,2
770,15886.266666659998,15915.25,,,,,996.0,698.0,,,,,1000.0,958.0,34236559.0,22873.0,2
775,15725.783333329999,15855.766666659998,,,,,989.0,697.0,,,,,1000.0,944.0,34236559.0,22873.0,2
780,15246.4,15411.15,,,,,989.0,705.0,,,,,1000.0,933.0,13491447.0,20450.0,2
785,15696.2,15774.31666666,,,,,989.0,686.0,,,,,1000.0,934.0,13491447.0,20450.0,2
790,15858.16666666,15642.633333329999,,,,,991.0,692.0,,,,,1000.0,910.0,13491447.0,20450.0,2
795,15657.25,15701.48333333,,,,,991.0,701.0,,,,,1000.0,894.0,13491447.0,20450.0,2
800,15504.466666659999,15387.266666659998,,,,,991.0,699.0,,,,,1000.0,906.0,13267804.0,19859.0,2
805,16100.216666659999,16284.73333333,,,,,991.0,691.0,,,,,1000.0,906.0,13267804.0,19859.0,2
810,16297.633333329999,16234.1,,,,,991.0,694.0,,,,,1000.0,922.0,13267804.0,19859.0,2
815,14812.116666659998,14888.33333333,,,,,993.0,716.0,,,,,1000.0,922.0,13267804.0,19859.0,2
820,15296.8,15247.033333329999,,,,,985.0,701.0,,,,,1000.0,920.0,13267804.0,19859.0,2
825,14691.15,14786.3,,,,,985.0,713.0,,,,,1000.0,918.0,23779276.0,22794.0,2
830,15553.98333333,15327.0,,,,,985.0,703.0,,,,,1000.0,927.0,23779276.0,22794.0,2
835,15071.116666659998,15168.1,,,,,993.0,715.0,,,,,1000.0,931.0,23779276.0,22794.0,2
840,,,,,,,,,,,,,,,23779276.0,22794.0,0
845,0.0,0.0,,,,,1000.0,1000.0,,,,,0.0,0.0,23779276.0,22794.0,2
850,0.0,0.0,,,,,1000.0,1000.0,,,,,1000.0,1000.0,23779276.0,22794.0,2
855,0.0,260.1833333333,,,,,1000.0,649.0,,,,,1000.0,1000.0,23779276.0,22794.0,2
860,832.9333333333,828.1333333333,,,,,953.0,547.0,,,,,1000.0,1000.0,23779276.0,22794.0,2
865,1661.4833333333,1900.7166666665998,,,,,965.0,576.0,,,,,1000.0,1000.0,23779276.0,22794.0,2
870,3467.05,3471.85,,,,,972.0,589.0,,,,,1000.0,1000.0,23779276.0,22794.0,2
875,4636.95,4650.18333333,,,,,977.0,613.0,,,,,1000.0,1000.0,23779276.0,22794.0,2
880,6246.68333333,6296.16666667,,,,,980.0,610.0,,,,,1000.0,1000.0,23779276.0,22794.0,2
885,6431.65,6455.18333333,,,,,903.0,583.0,,,,,1000.0,1000.0,23779276.0,22794.0,2
890,,,,,,,,,,,,,,,23779276.0,22794.0,0
940,,,0.0,,,,,,,,,,,,-1.0,-1.0,1
945,0.0,0.0,0.0,,,,1000.0,1000.0,1000.0,,,,0.0,0.0,-1.0,-1.0,3
950,0.0,0.0,0.0,,,,1000.0,1000.0,1000.0,,,,25.0,27.0,-1.0,-1.0,3
955,423.4,425.75,413.85,,,,824.0,681.0,912.0,,,,276.0,259.0,-1.0,-1.0,3
960,802.1166666666,817.5,783.8166666666,,,,851.0,638.0,798.0,,,,285.0,280.0,-1.0,-1.0,3
965,1333.2166666666,1358.3333333333,1485.2666666666,,,,888.0,631.0,750.0,,,,494.0,476.0,8394669.0,5378.0,3
970,2262.2333333333,2447.3833333333,2391.9333333332997,,,,911.0,606.0,684.0,,,,550.0,503.0,13328053.0,4834.0,3
975,3745.08333333,3856.38333333,3666.5,,,,926.0,636.0,686.0,,,,576.0,520.0,13328053.0,4834.0,3
980,4837.53333333,4943.95,4700.46666667,,,,936.0,663.0,689.0,,,,629.0,560.0,13328053.0,4834.0,3
985,5966.016666670001,6099.5,6035.516666670001,,,,944.0,692.0,692.0,,,,669.0,583.0,24670092.0,11109.0,3
990,7168.933333329999,7522.58333333,7275.35,,,,951.0,698.0,686.0,,,,688.0,596.0,24670092.0,11109.0,3
995,8240.96666666,8411.43333333,8094.133333329999,,,,956.0,706.0,694.0,,,,704.0,613.0,24670092.0,11109.0,3
1000,9316.76666666,9490.73333333,9026.86666666,,,,960.0,700.0,677.0,,,,741.0,638.0,20645152.0,13222.0,3
1005,10363.08333333,10592.55,10303.45,,,,963.0,707.0,682.0,,,,764.0,654.0,20645152.0,13222.0,3
1010,11512.0,11722.616666659998,11424.23333333,,,,963.0,690.0,650.0,,,,827.0,728.0,20645152.0,13222.0,3
1015,12186.2,12420.116666659998,11805.45,,,,992.0,722.0,636.0,,,,881.0,751.0,19093471.0,17056.0,3
1020,13223.216666659999,13535.866666659998,13021.966666659999,,,,1000.0,745.0,649.0,,,,943.0,799.0,19093471.0,17056.0,3
1025,13933.8,14254.05,13361.866666659998,,,,1000.0,754.0,655.0,,,,924.0,769.0,19093471.0,17056.0,3
1030,13987.05,14208.1,13568.516666659998,,,,997.0,777.0,680.0,,,,935.0,786.0,19093471.0,17056.0,3
1035,13622.533333329999,13949.98333333,13445.65,,,,997.0,769.0,677.0,,,,953.0,801.0,22582094.0,15832.0,3
1040,13868.16666666,14128.966666659999,13471.85,,,,997.0,768.0,677.0,,,,943.0,793.0,22582094.0,15832.0,3
1045,13721.55,14027.93333333,13095.81666666,,,,996.0,766.0,695.0,,,,938.0,800.0,22582094.0,15832.0,3
1050,13618.016666659998,13770.2,13095.18333333,,,,996.0,766.0,704.0,,,,955.0,816.0,22582094.0,15832.0,3
1055,13826.83333333,14153.85,13601.2,,,,996.0,759.0,696.0,,,,975.0,835.0,22582094.0,15832.0,3
1060,13720.83333333,14098.83333333,13418.616666659998,,,,991.0,764.0,709.0,,,,978.0,848.0,18518677.0,25185.0,3
1065,13818.41666666,14197.48333333,13435.766666659998,,,,991.0,768.0,709.0,,,,980.0,847.0,18518677.0,25185.0,3
1070,14046.75,14520.56666666,13530.366666659998,,,,991.0,754.0,705.0,,,,1000.0,850.0,18518677.0,25185.0,3
1075,14027.43333333,14444.31666666,13736.43333333,,,,991.0,753.0,711.0,,,,993.0,860.0,18518677.0,25185.0,3
1080,13919.55,14287.58333333,13412.616666659998,,,,991.0,742.0,703.0,,,,995.0,858.0,18518677.0,25185.0,3
1085,13776.4,14142.85,13448.383333329999,,,,991.0,738.0,697.0,,,,1000.0,880.0,18518677.0,25185.0,3
1090,14045.16666666,14323.283333329999,13487.31666666,,,,995.0,743.0,701.0,,,,1000.0,877.0,33616878.0,24545.0,3
1095,14233.83333333,14634.31666666,13874.08333333,,,,995.0,750.0,701.0,,,,1000.0,890.0,33616878.0,24545.0,3
1100,14440.783333329999,14827.116666659998,14068.66666666,,,,995.0,738.0,698.0,,,,1000.0,886.0,33616878.0,24545.0,3
1105,14516.66666666,14886.06666666,14161.616666659998,,,,995.0,733.0,689.0,,,,1000.0,882.0,33616878.0,24545.0,3
1110,14629.98333333,14926.766666659998,14177.866666659998,,,,995.0,732.0,678.0,,,,994.0,871.0,27357748.0,19488.0,3
1115,14553.3,14915.91666666,13954.133333329999,,,,995.0,742.0,686.0,,,,975.0,845.0,27357748.0,19488.0,3
1120,15000.23333333,15337.1,14578.033333329999,,,,999.0,755.0,694.0,,,,953.0,821.0,27357748.0,19488.0,3
1125,15254.466666659999,15608.33333333,14874.91666666,,,,998.0,758.0,692.0,,,,952.0,824.0,27357748.0,19488.0,3
1130,15381.35,15655.6,14893.23333333,,,,998.0,770.0,704.0,,,,935.0,798.0,27357748.0,19488.0,3
1135,15066.616666659998,15328.766666659998,14796.516666659998,,,,998.0,784.0,707.0,,,,930.0,795.0,27357748.0,19488.0,3
1140,15157.55,15485.81666666,14825.783333329999,,,,998.0,786.0,712.0,,,,910.0,784.0,26652735.0,27140.0,3
1145,15243.95,15536.65,14773.883333329999,,,,998.0,798.0,728.0,,,,892.0,767.0,26652735.0,27140.0,3
1150,15322.4,15670.6,14905.783333329999,,,,998.0,791.0,724.0,,,,896.0,771.0,26652735.0,27140.0,3
1155,15242.966666659999,15509.383333329999,14845.83333333,,,,998.0,791.0,731.0,,,,894.0,770.0,26652735.0,27140.0,3
1160,14916.48333333,15245.65,14497.883333329999,,,,998.0,793.0,745.0,,,,901.0,777.0,26652735.0,27140.0,3
1165,14843.783333329999,15138.83333333,14639.56666666,,,,1000.0,797.0,743.0,,,,907.0,788.0,50928234.0,23804.0,3
1170,15243.8,15635.98333333,14798.3,,,,1000.0,801.0,749.0,,,,932.0,788.0,50928234.0,23804.0,3
1175,15372.93333333,15676.133333329999,14911.1,,,,1000.0,803.0,751.0,,,,927.0,797.0,50928234.0,23804.0,3
1180,15152.533333329999,15519.18333333,14755.15,,,,1000.0,799.0,750.0,,,,936.0,801.0,50928234.0,23804.0,3
1185,14700.98333333,15114.45,14180.43333333,,,,1000.0,786.0,736.0,,,,937.0,808.0,50928234.0,23804.0,3
1190,14529.383333329999,14872.0,14145.73333333,,,,1000.0,782.0,737.0,,,,935.0,814.0,50928234.0,23804.0,3
1195,14992.16666666,15376.7,14410.033333329999,,,,1000.0,776.0,739.0,,,,925.0,803.0,62084582.0,26644.0,3
1200,15325.7,15660.866666659998,14813.95,,,,1000.0,778.0,741.0,,,,940.0,811.0,62084582.0,26644.0,3
1205,15484.31666666,15898.16666666,15122.16666666,,,,1000.0,775.0,740.0,,,,942.0,807.0,62084582.0,26644.0,3
1210,15392.966666659999,15816.266666659998,15145.766666659998,,,,1000.0,783.0,747.0,,,,949.0,811.0,62084582.0,26644.0,3
1215,15078.85,15325.366666659998,14586.18333333,,,,994.0,784.0,746.0,,,,939.0,804.0,62084582.0,26644.0,3
1220,14627.033333329999,14957.616666659998,14455.6,,,,993.0,797.0,733.0,,,,942.0,806.0,41747767.0,27389.0,3
1225,15064.23333333,15579.466666659999,14652.68333333,,,,993.0,791.0,724.0,,,,935.0,793.0,41747767.0,27389.0,3
1230,15076.716666659999,15353.866666659998,14587.783333329999,,,,992.0,788.0,730.0,,,,913.0,786.0,41747767.0,27389.0,3
1235,14892.366666659998,15168.33333333,14416.56666666,,,,992.0,783.0,724.0,,,,925.0,785.0,41747767.0,27389.0,3
1240,14681.91666666,14921.25,14443.116666659998,,,,992.0,785.0,724.0,,,,924.0,795.0,41747767.0,27389.0,3
1245,14741.266666659998,14910.283333329999,14176.68333333,,,,992.0,796.0,737.0,,,,909.0,782.0,41747767.0,27389.0,3
1250,14520.23333333,14825.616666659998,14336.466666659999,,,,993.0,808.0,740.0,,,,920.0,799.0,63173499.0,25539.0,3
1255,14972.116666659998,15276.35,14514.95,,,,992.0,807.0,738.0,,,,915.0,796.0,63173499.0,25539.0,3
1260,14564.2,14747.68333333,14350.783333329999,,,,992.0,816.0,745.0,,,,908.0,792.0,63173499.0,25539.0,3
1265,14881.66666666,15153.73333333,14404.68333333,,,,992.0,825.0,747.0,,,,906.0,790.0,63173499.0,25539.0,3
1270,14830.766666659998,15116.283333329999,14283.33333333,,,,991.0,820.0,750.0,,,,890.0,781.0,63173499.0,25539.0,3
1275,15253.1,15640.616666659998,14630.95,,,,989.0,801.0,736.0,,,,901.0,789.0,30257930.0,25594.0,3
1280,15815.25,16218.08333333,15178.65,,,,990.0,801.0,746.0,,,,891.0,781.0,30257930.0,25594.0,3
1285,15702.31666666,15990.15,15224.8,,,,990.0,798.0,761.0,,,,906.0,795.0,30257930.0,25594.0,3
1290,15681.383333329999,16035.366666659998,15233.56666666,,,,991.0,798.0,762.0,,,,903.0,805.0,30257930.0,25594.0,3
1295,15497.23333333,15947.83333333,15170.216666659999,,,,991.0,799.0,770.0,,,,905.0,815.0,30257930.0,25594.0,3
1300,15903.41666666,16431.016666659998,15509.016666659998,,,,991.0,796.0,767.0,,,,908.0,815.0,30257930.0,25594.0,3
1305,15810.7,16159.016666659998,15597.7,,,,986.0,787.0,764.0,,,,911.0,813.0,30257930.0,25594.0,3
1310,16007.3,16240.58333333,15504.81666666,,,,986.0,780.0,752.0,,,,901.0,805.0,37069038.0,30938.0,3
1315,15836.55,16210.45,15424.95,,,,987.0,775.0,747.0,,,,906.0,801.0,37069038.0,30938.0,3
1320,15604.98333333,16069.98333333,15168.95,,,,987.0,781.0,744.0,,,,908.0,808.0,37069038.0,30938.0,3
1325,15552.2,15989.55,15340.033333329999,,,,987.0,773.0,731.0,,,,926.0,823.0,37069038.0,30938.0,3
1330,15731.883333329999,16166.31666666,15383.73333333,,,,987.0,768.0,721.0,,,,925.0,817.0,37069038.0,30938.0,3
1335,15096.66666666,15513.25,14752.33333333,,,,995.0,782.0,727.0,,,,916.0,809.0,37069038.0,30938.0,3
1340,15446.41666666,15806.65,15204.9,,,,995.0,780.0,719.0,,,,939.0,823.0,44176611.0,25597.0,3
1345,15607.81666666,15888.35,15016.91666666,,,,994.0,780.0,713.0,,,,922.0,804.0,44176611.0,25597.0,3
1350,15224.716666659999,15822.633333329999,15061.516666659998,,,,994.0,793.0,713.0,,,,939.0,809.0,44176611.0,25597.0,3
1355,15907.93333333,16277.25,15484.466666659999,,,,994.0,787.0,703.0,,,,950.0,794.0,44176611.0,25597.0,3
1360,15578.41666666,15798.466666659999,14888.45,,,,975.0,773.0,691.0,,,,910.0,759.0,44176611.0,25597.0,3
1365,14665.2,15014.466666659999,14050.3,,,,896.0,713.0,634.0,,,,835.0,697.0,44176611.0,25597.0,3
1370,13357.1,13759.6,,,,,812.0,646.0,,,,,,,,,2
1375,,,,,,,,,,,,,,,,,0
1415,0.0,,,,,,,,,,,,0.0,0.0,-1.0,,1
1420,0.0,0.0,0.0,0.0,,,1000.0,,,1000.0,,,0.0,0.0,-1.0,-1.0,4
1425,0.0,0.0,0.0,0.0,,,1000.0,1000.0,1000.0,1000.0,,,144.0,145.0,-1.0,-1.0,4
1430,0.0,0.0,110.1,0.0,,,1000.0,1000.0,694.0,1000.0,,,572.0,572.0,-1.0,-1.0,4
1435,236.2333333333,0.0,110.1,0.0,,,752.0,1000.0,331.0,1000.0,,,1000.0,1000.0,-1.0,-1.0,4
1440,236.2333333333,0.0,240.5666666666,239.75,,,563.0,1000.0,219.0,836.0,,,1000.0,1000.0,-1.0,-1.0,4
1445,277.4,0.0,240.5666666666,239.75,,,502.0,1000.0,160.0,621.0,,,1000.0,1000.0,-1.0,-1.0,4
1450,381.75,263.6333333333,276.3166666666,280.9666666666,,,535.0,1000.0,187.0,549.0,,,1000.0,1000.0,-1.0,-1.0,4
1455,786.5833333333,390.2833333333,388.7,383.65,,,558.0,953.0,280.0,575.0,,,1000.0,1000.0,15833016.0,5852.0,4
1460,2167.8,790.25,821.8,809.85,,,579.0,872.0,291.0,531.0,,,1000.0,1000.0,25255468.0,5150.0,4
1465,2911.6833333332997,2205.8,2197.5333333332997,2180.4833333333,,,624.0,814.0,307.0,518.0,,,1000.0,1000.0,25255468.0,5150.0,4
1470,3406.11666667,3019.4,2872.0166666666,3005.05,,,600.0,790.0,317.0,524.0,,,1000.0,1000.0,25255468.0,5150.0,4
1475,3406.11666667,3463.81666667,3278.05,3423.81666667,,,545.0,736.0,304.0,497.0,,,1000.0,1000.0,25255468.0,5150.0,4
1480,3695.05,3463.81666667,3278.05,3423.81666667,,,532.0,668.0,282.0,449.0,,,1000.0,1000.0,37599154.0,15337.0,4
1485,4491.7,3759.3,3588.81666667,3714.08333333,,,509.0,630.0,264.0,427.0,,,1000.0,1000.0,37599154.0,15337.0,4
1490,5151.11666667,4566.35,4506.08333333,4539.63333333,,,496.0,589.0,246.0,383.0,,,1000.0,1000.0,37599154.0,15337.0,4
1495,5821.383333329999,5245.76666667,5198.13333333,5203.35,,,544.0,559.0,304.0,353.0,,,1000.0,1000.0,46626635.0,16916.0,4
1500,7147.55,6162.8,5955.91666667,5848.3,,,623.0,527.0,355.0,363.0,,,1000.0,1000.0,46626635.0,16916.0,4
1505,8321.4,7529.51666666,7335.46666666,7203.41666666,,,685.0,488.0,403.0,407.0,,,1000.0,1000.0,46626635.0,16916.0,4
1510,9206.9,8486.1,8562.8,8371.033333329999,,,709.0,450.0,421.0,427.0,,,1000.0,1000.0,46626635.0,16916.0,4
1515,10024.05,9572.25,9627.35,9461.05,,,733.0,436.0,407.0,413.0,,,1000.0,953.0,46626635.0,16916.0,4
1520,9737.383333329999,10255.33333333,10263.86666666,10102.35,,,756.0,459.0,433.0,442.0,,,1000.0,947.0,26177740.0,20653.0,4
1525,10379.2,9931.76666666,10219.58333333,9828.3,,,757.0,478.0,450.0,464.0,,,1000.0,912.0,26177740.0,20653.0,4
1530,10986.133333329999,10529.11666666,10753.61666666,10388.23333333,,,808.0,479.0,467.0,468.0,,,1000.0,895.0,26177740.0,20653.0,4
1535,12282.33333333,11155.45,11420.0,11021.8,,,892.0,522.0,513.0,508.0,,,1000.0,869.0,26177740.0,20653.0,4
1540,12785.05,12529.65,12797.4,12375.43333333,,,939.0,584.0,565.0,569.0,,,948.0,762.0,26177740.0,20653.0,4
1545,13302.06666666,13075.55,13330.65,12916.23333333,,,963.0,636.0,618.0,614.0,,,917.0,713.0,26177740.0,20653.0,4
1550,13901.5,13544.616666659998,13583.8,13348.883333329999,,,975.0,654.0,642.0,633.0,,,921.0,701.0,55387983.0,28140.0,4
1555,14146.68333333,14120.81666666,14164.4,13933.766666659998,,,989.0,659.0,642.0,633.0,,,929.0,696.0,55387983.0,28140.0,4
1560,13798.31666666,14379.41666666,14441.4,14205.0,,,994.0,671.0,650.0,637.0,,,925.0,683.0,55387983.0,28140.0,4
1565,13386.66666666,14263.0,14330.31666666,14087.016666659998,,,990.0,681.0,656.0,644.0,,,934.0,683.0,55387983.0,28140.0,4
1570,13597.43333333,13838.45,13868.0,13663.55,,,991.0,688.0,661.0,643.0,,,958.0,691.0,55387983.0,28140.0,4
1575,13321.73333333,13667.9,13751.41666666,13499.68333333,,,992.0,689.0,668.0,650.0,,,955.0,695.0,53872424.0,23888.0,4
1580,13322.33333333,13682.283333329999,13861.016666659998,13563.766666659998,,,992.0,689.0,668.0,647.0,,,956.0,697.0,53872424.0,23888.0,4
1585,13214.73333333,13761.25,13617.533333329999,13575.9,,,992.0,701.0,676.0,646.0,,,950.0,706.0,53872424.0,23888.0,4
1590,13320.9,13475.18333333,13534.266666659998,13305.58333333,,,992.0,705.0,682.0,647.0,,,954.0,710.0,53872424.0,23888.0,4
1595,13098.75,13652.966666659999,13721.93333333,13484.516666659998,,,992.0,700.0,677.0,637.0,,,955.0,707.0,53872424.0,23888.0,4
1600,13343.05,13489.23333333,13566.266666659998,13329.33333333,,,996.0,699.0,676.0,632.0,,,949.0,701.0,53872424.0,23888.0,4
1605,12974.866666659998,13571.05,13635.116666659998,13570.85,,,989.0,694.0,681.0,630.0,,,955.0,714.0,53872424.0,23888.0,4
1610,12879.4,13392.23333333,13466.3,13252.85,,,989.0,694.0,677.0,617.0,,,948.0,712.0,53872424.0,23888.0,4
1615,13027.366666659998,13142.283333329999,13332.5,12977.033333329999,,,989.0,694.0,686.0,619.0,,,953.0,719.0,37644360.0,36412.0,4
1620,13219.133333329999,13285.283333329999,13333.65,13122.033333329999,,,989.0,689.0,681.0,615.0,,,957.0,724.0,37644360.0,36412.0,4
1625,13701.116666659998,13206.05,13267.56666666,13046.66666666,,,993.0,693.0,684.0,617.0,,,936.0,703.0,37644360.0,36412.0,4
1630,13349.966666659999,13761.18333333,13819.43333333,13576.283333329999,,,993.0,700.0,695.0,632.0,,,926.0,695.0,37644360.0,36412.0,4
1635,13588.5,13778.83333333,13839.23333333,13613.23333333,,,993.0,710.0,691.0,634.0,,,929.0,703.0,37644360.0,36412.0,4
1640,13808.6,13672.08333333,13776.883333329999,13540.18333333,,,993.0,707.0,693.0,638.0,,,937.0,697.0,37644360.0,36412.0,4
1645,13317.966666659999,13786.366666659998,13855.73333333,13633.16666666,,,983.0,692.0,680.0,634.0,,,937.0,698.0,37644360.0,36412.0,4
1650,13245.83333333,13500.616666659998,13591.3,13332.3,,,983.0,685.0,674.0,635.0,,,926.0,693.0,48113263.0,36284.0,4
1655,13219.4,13544.283333329999,13628.15,13390.81666666,,,983.0,681.0,673.0,635.0,,,920.0,692.0,48113263.0,36284.0,4
1660,13393.883333329999,13493.06666666,13558.73333333,13326.033333329999,,,983.0,681.0,679.0,639.0,,,920.0,695.0,48113263.0,36284.0,4
1665,13715.533333329999,13650.3,13878.466666659999,13462.8,,,990.0,678.0,678.0,637.0,,,905.0,672.0,48113263.0,36284.0,4
1670,13707.55,13737.23333333,13804.93333333,13546.216666659999,,,990.0,674.0,676.0,647.0,,,909.0,672.0,48113263.0,36284.0,4
1675,13696.06666666,13980.383333329999,13928.3,13812.633333329999,,,990.0,676.0,670.0,644.0,,,902.0,659.0,48113263.0,36284.0,4
1680,12778.716666659999,13940.9,14026.66666666,13777.283333329999,,,987.0,678.0,674.0,646.0,,,905.0,679.0,48113263.0,36284.0,4
1685,13078.6,13199.18333333,13323.58333333,13070.81666666,,,987.0,703.0,701.0,670.0,,,895.0,678.0,48113263.0,36284.0,4
1690,13216.33333333,13399.716666659999,13447.5,13241.65,,,987.0,687.0,695.0,655.0,,,893.0,672.0,47663682.0,37331.0,4
1695,13206.45,13435.23333333,13506.116666659998,13271.08333333,,,987.0,688.0,699.0,654.0,,,896.0,665.0,47663682.0,37331.0,4
1700,13118.033333329999,13644.98333333,13593.75,13396.966666659999,,,987.0,695.0,700.0,654.0,,,902.0,682.0,47663682.0,37331.0,4
1705,13428.0,13367.266666659998,13435.633333329999,13190.55,,,997.0,708.0,715.0,653.0,,,905.0,688.0,47663682.0,37331.0,4
1710,13376.65,13838.3,13914.16666666,13684.633333329999,,,997.0,712.0,711.0,649.0,,,903.0,684.0,47663682.0,37331.0,4
1715,13541.3,13628.766666659998,13772.31666666,13500.5,,,997.0,719.0,714.0,650.0,,,900.0,679.0,47663682.0,37331.0,4
1720,13466.366666659998,13520.48333333,13602.93333333,13363.516666659998,,,997.0,718.0,712.0,655.0,,,911.0,681.0,47663682.0,37331.0,4
1725,13145.2,13598.033333329999,13526.23333333,13293.16666666,,,997.0,712.0,710.0,651.0,,,913.0,684.0,37579926.0,32768.0,4
1730,13124.8,13583.41666666,13697.6,13439.91666666,,,997.0,713.0,710.0,647.0,,,907.0,679.0,37579926.0,32768.0,4
1735,12954.216666659999,13523.48333333,13594.25,13359.0,,,997.0,714.0,710.0,651.0,,,913.0,684.0,37579926.0,32768.0,4
1740,13963.5,13196.466666659999,13480.91666666,13223.716666659999,,,1000.0,715.0,712.0,651.0,,,907.0,652.0,37579926.0,32768.0,4
1745,13740.16666666,13995.633333329999,14026.15,13788.1,,,1000.0,692.0,688.0,628.0,,,926.0,656.0,37579926.0,32768.0,4
1750,13820.5,13804.15,13906.91666666,13639.83333333,,,1000.0,705.0,689.0,638.0,,,928.0,660.0,37579926.0,32768.0,4
1755,13500.98333333,13850.4,13915.08333333,13680.266666659998,,,1000.0,709.0,694.0,638.0,,,915.0,650.0,37579926.0,32768.0,4
1760,13513.06666666,13444.383333329999,13514.883333329999,13282.18333333,,,1000.0,699.0,686.0,631.0,,,899.0,638.0,37579926.0,32768.0,4
1765,13568.16666666,13819.7,13897.35,13653.533333329999,,,1000.0,693.0,679.0,632.0,,,893.0,624.0,25722612.0,38192.0,4
1770,13769.08333333,13603.58333333,13659.18333333,13443.95,,,1000.0,709.0,695.0,646.0,,,899.0,621.0,25722612.0,38192.0,4
1775,13699.35,13873.41666666,13860.65,13656.5,,,1000.0,702.0,693.0,645.0,,,905.0,631.0,25722612.0,38192.0,4
1780,13448.16666666,13961.06666666,14023.7,13788.133333329999,,,1000.0,706.0,693.0,640.0,,,892.0,626.0,25722612.0,38192.0,4
1785,13762.766666659998,13922.91666666,13995.4,13751.1,,,1000.0,714.0,689.0,645.0,,,897.0,632.0,25722612.0,38192.0,4
1790,13783.68333333,13952.93333333,14092.766666659998,13832.16666666,,,1000.0,716.0,693.0,646.0,,,896.0,637.0,25722612.0,38192.0,4
1795,13811.81666666,13745.75,13817.133333329999,13577.06666666,,,1000.0,711.0,687.0,643.0,,,891.0,633.0,25722612.0,38192.0,4
1800,13523.3,14014.15,13896.3,13647.5,,,1000.0,710.0,689.0,642.0,,,887.0,645.0,25722612.0,38192.0,4
1805,13394.966666659999,13945.66666666,14081.05,13804.81666666,,,1000.0,707.0,695.0,640.0,,,875.0,638.0,29204588.0,37113.0,4
1810,13433.766666659998,13895.616666659998,13973.58333333,13735.83333333,,,1000.0,713.0,702.0,645.0,,,877.0,638.0,29204588.0,37113.0,4
1815,13850.58333333,13633.15,13820.31666666,13715.866666659998,,,1000.0,708.0,699.0,647.0,,,875.0,632.0,29204588.0,37113.0,4
1820,13933.216666659999,14131.06666666,14199.716666659999,13962.05,,,1000.0,720.0,708.0,653.0,,,878.0,635.0,29204588.0,37113.0,4
1825,13728.633333329999,14103.06666666,14179.283333329999,13929.93333333,,,1000.0,723.0,705.0,651.0,,,877.0,639.0,29204588.0,37113.0,4
1830,13053.266666659998,14001.216666659999,14280.9,14017.25,,,956.0,720.0,706.0,648.0,,,853.0,613.0,29204588.0,37113.0,4
1835,,,,,,,,,,,,,,,,,0
1885,0.0,0.0,0.0,0.0,0.0,,1000.0,,,,,,0.0,0.0,-1.0,-1.0,5
1890,117.9,0.0,0.0,0.0,0.0,,715.0,1000.0,1000.0,1000.0,1000.0,,0.0,0.0,-1.0,-1.0,5
1895,241.2666666666,125.0,124.25,0.0,113.85,,624.0,632.0,629.0,1000.0,396.0,,371.0,329.0,-1.0,-1.0,5
1900,538.75,244.15,241.7166666666,0.0,232.5,,553.0,414.0,423.0,1000.0,357.0,,743.0,636.0,-1.0,-1.0,5
1905,769.65,543.2666666666,536.0833333333,360.4833333333,517.8833333333,,665.0,337.0,347.0,1000.0,296.0,,764.0,670.0,-1.0,-1.0,5
1910,1647.35,758.2166666666,746.4166666666,838.8166666666,801.9333333333,,649.0,321.0,335.0,952.0,380.0,,777.0,642.0,6056791.0,4530.0,5
1915,2881.8333333333,1718.3166666666,1706.2666666666,1732.0666666666,1624.65,,705.0,280.0,300.0,795.0,345.0,,767.0,594.0,12310254.0,6160.0,5
1920,3583.15,2909.5,2773.0,3140.3666666665995,2930.5333333332997,,695.0,285.0,300.0,737.0,360.0,,807.0,649.0,12310254.0,6160.0,5
1925,4238.5,3465.0,3367.75,3676.7,3474.15,,733.0,297.0,304.0,689.0,363.0,,801.0,652.0,12310254.0,6160.0,5
1930,5227.6,4523.46666667,4422.78333333,4506.23333333,4277.06666667,,763.0,352.0,375.0,687.0,403.0,,793.0,650.0,31873361.0,14046.0,5
1935,5989.066666670001,5450.23333333,5342.08333333,5392.11666667,5197.46666667,,787.0,360.0,377.0,660.0,401.0,,789.0,646.0,31873361.0,14046.0,5
1940,7054.7,6315.08333333,6192.683333329999,6303.16666667,5992.183333329999,,806.0,376.0,391.0,638.0,415.0,,791.0,647.0,31873361.0,14046.0,5
1945,7646.383333329999,7311.36666666,7166.21666666,7264.16666666,6931.2,,821.0,393.0,406.0,631.0,426.0,,793.0,655.0,31873361.0,14046.0,5
1950,8560.76666666,7977.65,7819.233333329999,7863.5,7598.16666666,,845.0,404.0,418.0,622.0,435.0,,862.0,701.0,31873361.0,14046.0,5
1955,9427.06666666,8894.91666666,8716.25,8890.9,8478.383333329999,,884.0,394.0,405.0,580.0,451.0,,871.0,697.0,32593536.0,21505.0,5
1960,10419.46666666,9844.91666666,9634.95,9989.283333329999,9313.81666666,,933.0,426.0,431.0,546.0,468.0,,827.0,647.0,32593536.0,21505.0,5
1965,11309.11666666,10626.4,10410.26666666,10644.633333329999,10115.43333333,,933.0,461.0,462.0,511.0,497.0,,828.0,627.0,32593536.0,21505.0,5
1970,11395.6,11457.48333333,11213.98333333,11221.4,10835.66666666,,968.0,487.0,484.0,491.0,494.0,,830.0,639.0,32593536.0,21505.0,5
1975,10865.4,11717.95,11462.08333333,11511.783333329999,11173.86666666,,969.0,529.0,520.0,520.0,526.0,,842.0,671.0,32593536.0,21505.0,5
1980,11330.25,11230.25,11082.66666666,10800.8,10522.98333333,,999.0,543.0,539.0,524.0,530.0,,825.0,638.0,32593536.0,21505.0,5
1985,11807.93333333,11832.95,11631.6,11397.05,11096.73333333,,999.0,558.0,556.0,537.0,543.0,,830.0,630.0,41124201.0,29120.0,5
1990,11916.9,11866.85,11680.6,11492.11666666,11175.46666666,,999.0,554.0,537.0,537.0,550.0,,836.0,625.0,41124201.0,29120.0,5
1995,12414.2,12136.7,11893.116666659998,11942.883333329999,11551.75,,999.0,571.0,557.0,561.0,569.0,,840.0,626.0,41124201.0,29120.0,5
2000,12339.56666666,12283.016666659998,12041.766666659998,12242.55,11737.516666659998,,999.0,582.0,563.0,573.0,579.0,,850.0,625.0,41124201.0,29120.0,5
2005,12860.0,12549.25,12298.75,12312.9,11986.66666666,,1000.0,595.0,573.0,575.0,585.0,,855.0,613.0,41124201.0,29120.0,5
2010,12817.43333333,13006.66666666,12761.1,12859.35,12366.15,,1000.0,596.0,574.0,579.0,589.0,,848.0,612.0,41124201.0,29120.0,5
2015,12670.56666666,12927.8,12669.866666659998,12743.05,12311.66666666,,1000.0,611.0,596.0,597.0,594.0,,847.0,623.0,41124201.0,29120.0,5
2020,12479.966666659999,12755.8,12509.533333329999,12556.23333333,12153.366666659998,,1000.0,606.0,597.0,590.0,602.0,,828.0,612.0,41124201.0,29120.0,5
2025,12679.66666666,12739.15,12496.41666666,12574.266666659998,12142.68333333,,1000.0,612.0,605.0,600.0,610.0,,823.0,615.0,41124201.0,29120.0,5
2030,12650.866666659998,12812.866666659998,12568.43333333,12639.866666659998,12195.25,,1000.0,618.0,615.0,611.0,619.0,,825.0,614.0,41124201.0,29120.0,5
2035,13266.7,12786.783333329999,12530.81666666,12603.65,12177.783333329999,,1000.0,623.0,624.0,619.0,627.0,,822.0,608.0,81874315.0,44685.0,5
2040,13078.9,13157.33333333,12897.4,13057.616666659998,12547.4,,1000.0,636.0,641.0,632.0,640.0,,828.0,617.0,81874315.0,44685.0,5
2045,13197.58333333,13254.533333329999,12995.2,13071.98333333,12603.35,,1000.0,643.0,647.0,637.0,647.0,,822.0,618.0,81874315.0,44685.0,5
2050,13265.06666666,13206.266666659998,12902.31666666,13168.08333333,12731.866666659998,,1000.0,637.0,646.0,633.0,630.0,,818.0,607.0,81874315.0,44685.0,5
2055,12814.15,13167.033333329999,12891.35,12968.516666659998,12542.18333333,,1000.0,640.0,651.0,631.0,635.0,,828.0,615.0,81874315.0,44685.0,5
2060,13157.93333333,13218.16666666,12945.33333333,12899.783333329999,12574.3,,1000.0,636.0,651.0,638.0,637.0,,816.0,608.0,81874315.0,44685.0,5
2065,12832.466666659999,13309.45,13041.41666666,13118.16666666,12675.783333329999,,991.0,638.0,650.0,647.0,641.0,,817.0,621.0,81874315.0,44685.0,5
2070,13036.016666659998,12981.033333329999,12711.616666659998,12812.7,12334.016666659998,,991.0,636.0,647.0,644.0,632.0,,823.0,627.0,81874315.0,44685.0,5
2075,13396.0,12993.48333333,12732.15,12929.283333329999,12359.966666659999,,991.0,633.0,640.0,637.0,633.0,,827.0,613.0,37736399.0,41424.0,5
2080,13568.533333329999,13452.41666666,13192.25,13231.91666666,12853.533333329999,,991.0,646.0,649.0,647.0,642.0,,832.0,620.0,37736399.0,41424.0,5
2085,13287.91666666,13515.95,13231.266666659998,13551.48333333,12875.41666666,,991.0,642.0,643.0,638.0,647.0,,845.0,624.0,37736399.0,41424.0,5
2090,13526.8,13660.516666659998,13388.15,13434.6,13014.48333333,,991.0,635.0,634.0,627.0,643.0,,837.0,619.0,37736399.0,41424.0,5
2095,13303.0,13454.766666659998,13187.766666659998,13431.85,12815.266666659998,,991.0,637.0,634.0,634.0,643.0,,841.0,615.0,37736399.0,41424.0,5
2100,13573.43333333,13762.31666666,13460.25,13527.68333333,13039.533333329999,,991.0,631.0,623.0,626.0,641.0,,825.0,602.0,37736399.0,41424.0,5
2105,13437.7,13690.516666659998,13401.9,13535.81666666,12798.3,,991.0,642.0,632.0,633.0,653.0,,829.0,602.0,37736399.0,41424.0,5
2110,13513.06666666,13864.25,13584.8,13672.45,13100.91666666,,991.0,639.0,626.0,627.0,654.0,,831.0,611.0,37736399.0,41424.0,5
2115,13696.06666666,13673.33333333,13403.81666666,13715.8,13021.56666666,,991.0,642.0,624.0,624.0,655.0,,826.0,591.0,37736399.0,41424.0,5
2120,13312.6,13856.73333333,13581.35,13574.08333333,13200.283333329999,,987.0,647.0,620.0,610.0,650.0,,840.0,598.0,37736399.0,41424.0,5
2125,13565.05,13223.08333333,12960.216666659999,13192.633333329999,12592.5,,997.0,634.0,614.0,603.0,642.0,,843.0,589.0,37736399.0,41424.0,5
2130,13696.56666666,13722.633333329999,13442.716666659999,13470.56666666,12904.45,,997.0,641.0,620.0,605.0,656.0,,841.0,586.0,48085479.0,51288.0,5
2135,13502.85,13847.25,13565.15,13524.033333329999,13210.55,,997.0,643.0,617.0,602.0,655.0,,833.0,587.0,48085479.0,51288.0,5
2140,14030.41666666,13746.35,13464.95,13550.966666659999,13042.266666659998,,997.0,646.0,617.0,599.0,654.0,,825.0,578.0,48085479.0,51288.0,5
2145,14096.58333333,14266.966666659999,13976.283333329999,13901.35,13538.116666659998,,997.0,639.0,609.0,592.0,643.0,,809.0,566.0,48085479.0,51288.0,5
2150,13749.883333329999,14055.06666666,13772.6,13852.31666666,13389.5,,997.0,652.0,622.0,607.0,649.0,,810.0,581.0,48085479.0,51288.0,5
2155,13908.15,14031.91666666,13748.08333333,13658.533333329999,13360.016666659998,,997.0,638.0,608.0,595.0,633.0,,796.0,575.0,48085479.0,51288.0,5
2160,13583.81666666,13806.033333329999,13538.48333333,13565.81666666,13231.3,,997.0,647.0,617.0,600.0,640.0,,805.0,579.0,48085479.0,51288.0,5
2165,13611.55,13656.18333333,13484.466666659999,13420.18333333,13333.95,,988.0,636.0,609.0,594.0,631.0,,817.0,587.0,48085479.0,51288.0,5
2170,13527.4,13566.0,13296.75,13369.216666659999,13029.16666666,,988.0,628.0,602.0,585.0,621.0,,819.0,587.0,48085479.0,51288.0,5
2175,13515.366666659998,13687.4,13428.016666659998,13268.33333333,13038.783333329999,,988.0,620.0,598.0,580.0,617.0,,822.0,598.0,37263193.0,42400.0,5
2180,13847.45,13663.016666659998,13388.25,13466.33333333,12989.283333329999,,992.0,617.0,598.0,582.0,622.0,,811.0,589.0,37263193.0,42400.0,5
2185,13858.783333329999,14078.41666666,13795.91666666,13716.266666659998,13404.716666659999,,992.0,619.0,599.0,583.0,624.0,,800.0,578.0,37263193.0,42400.0,5
2190,13537.8,14018.8,13738.516666659998,13816.15,13570.75,,992.0,623.0,605.0,586.0,628.0,,804.0,584.0,37263193.0,42400.0,5
2195,13616.66666666,13919.68333333,13648.06666666,13722.5,13254.45,,992.0,617.0,595.0,576.0,623.0,,799.0,580.0,37263193.0,42400.0,5
2200,13039.75,13778.45,13500.65,13672.05,13190.9,,992.0,603.0,585.0,570.0,608.0,,805.0,585.0,37263193.0,42400.0,5
2205,13058.16666666,13250.06666666,12980.966666659999,12986.31666666,12679.75,,992.0,610.0,597.0,578.0,610.0,,809.0,591.0,37263193.0,42400.0,5
2210,13309.31666666,13445.216666659999,13175.266666659998,13254.15,12626.283333329999,,985.0,603.0,592.0,567.0,608.0,,808.0,576.0,37263193.0,42400.0,5
2215,13056.633333329999,13562.85,13258.4,13383.31666666,12906.216666659999,,975.0,617.0,607.0,580.0,626.0,,826.0,598.0,37263193.0,42400.0,5
2220,13198.7,13184.1,12948.43333333,13185.8,12538.783333329999,,975.0,605.0,593.0,570.0,611.0,,825.0,601.0,49721921.0,46602.0,5
2225,13123.95,13295.66666666,12952.116666659998,13240.35,12606.95,,984.0,597.0,586.0,562.0,604.0,,824.0,600.0,49721921.0,46602.0,5
2230,13252.966666659999,13451.4,13190.48333333,13283.866666659998,12746.883333329999,,984.0,608.0,593.0,570.0,622.0,,824.0,602.0,49721921.0,46602.0,5
2235,13265.033333329999,13487.58333333,13206.66666666,13287.616666659998,12843.266666659998,,984.0,613.0,598.0,574.0,623.0,,825.0,608.0,49721921.0,46602.0,5
2240,13012.716666659999,13427.8,13159.766666659998,13235.216666659999,12813.0,,984.0,610.0,602.0,577.0,624.0,,831.0,621.0,49721921.0,46602.0,5
2245,13326.75,13321.45,13055.56666666,13212.56666666,12695.98333333,,984.0,604.0,601.0,576.0,622.0,,841.0,622.0,49721921.0,46602.0,5
2250,13310.3,13266.23333333,12984.3,13066.85,12621.16666666,,984.0,603.0,600.0,581.0,619.0,,842.0,617.0,49721921.0,46602.0,5
2255,13351.85,13258.366666659998,12980.16666666,13062.05,12627.43333333,,984.0,611.0,607.0,586.0,631.0,,853.0,626.0,49721921.0,46602.0,5
2260,13081.33333333,13344.18333333,13055.016666659998,13072.516666659998,12661.1,,984.0,610.0,607.0,586.0,633.0,,853.0,631.0,49721921.0,46602.0,5
2265,12995.98333333,13095.85,12960.366666659998,13144.0,12462.783333329999,,984.0,621.0,613.0,597.0,642.0,,861.0,646.0,49721921.0,46602.0,5
2270,13484.05,13179.033333329999,12927.58333333,13095.383333329999,12709.516666659998,,990.0,612.0,601.0,589.0,633.0,,860.0,647.0,48609342.0,44065.0,5
2275,13366.05,13397.033333329999,13147.15,13191.06666666,12777.81666666,,1000.0,609.0,597.0,583.0,627.0,,854.0,632.0,48609342.0,44065.0,5
2280,13349.1,13771.4,13483.466666659999,13369.85,13122.45,,1000.0,618.0,604.0,588.0,636.0,,852.0,633.0,48609342.0,44065.0,5
2285,13519.15,13490.766666659998,13388.08333333,13348.15,13027.016666659998,,1000.0,627.0,605.0,592.0,637.0,,841.0,631.0,48609342.0,44065.0,5
2290,13418.6,13486.68333333,13211.33333333,13290.716666659999,12936.466666659999,,1000.0,625.0,604.0,596.0,630.0,,839.0,632.0,48609342.0,44065.0,5
2295,13345.033333329999,13499.85,13226.25,13293.016666659998,12847.016666659998,,1000.0,620.0,598.0,588.0,624.0,,837.0,622.0,48609342.0,44065.0,5
2300,13667.68333333,13486.8,13216.66666666,13376.55,12846.6,,1000.0,625.0,600.0,591.0,626.0,,843.0,605.0,48609342.0,44065.0,5
2305,12939.35,13582.85,13307.95,13311.3,12942.466666659999,,963.0,633.0,603.0,595.0,633.0,,805.0,579.0,48609342.0,44065.0,5
2310,11952.0,13056.23333333,12811.866666659998,12879.7,12454.133333329999,,878.0,605.0,571.0,560.0,607.0,,734.0,531.0,48609342.0,44065.0,5
2315,,,,,,,,,,,,,,,,,0
2360,0.0,,0.0,0.0,,0.0,,,,,,,0.0,0.0,-1.0,-1.0,4
2365,0.0,0.0,0.0,0.0,0.0,0.0,1000.0,1000.0,1000.0,1000.0,1000.0,1000.0,0.0,0.0,-1.0,-1.0,6
2370,0.55,0.0,0.0,0.0,0.0,0.0,758.0,1000.0,1000.0,1000.0,790.0,1000.0,0.0,0.0,-1.0,-1.0,6
2375,0.55,14.433333333333,0.0,0.0,96.1666666666,66.85,879.0,949.0,1000.0,1000.0,640.0,867.0,249.0,285.0,-1.0,-1.0,6
2380,196.2666666666,186.9333333333,0.0,0.0,184.7166666666,186.2166666666,654.0,661.0,1000.0,1000.0,423.0,582.0,482.0,508.0,-1.0,-1.0,6
2385,221.85,206.5166666666,0.0,27.216666666666,202.1666666666,202.5333333333,489.0,489.0,1000.0,996.0,314.0,435.0,785.0,795.0,-1.0,-1.0,6
2390,327.5666666666,299.25,27.066666666666,330.2833333333,297.6666666666,298.1,427.0,422.0,997.0,975.0,284.0,373.0,810.0,814.0,-1.0,-1.0,6
2395,825.0,754.1166666666,531.2666666666,811.5333333333,722.0166666666,708.6,385.0,372.0,926.0,827.0,255.0,329.0,778.0,768.0,-1.0,-1.0,6
2400,1471.0333333332999,1316.4666666666,1144.2,1499.3,1280.35,1282.7833333333,358.0,344.0,819.0,735.0,243.0,309.0,729.0,719.0,9052475.0,4877.0,6
2405,2302.8833333333,2137.5166666666,2212.3666666666,2373.4833333333,2005.4833333333,2075.9,373.0,336.0,766.0,686.0,244.0,310.0,660.0,657.0,15773232.0,4002.0,6
2410,2860.75,2817.1,2848.8333333333,3049.9666666666,2776.0666666666,2731.0333333332997,413.0,357.0,729.0,669.0,265.0,327.0,622.0,624.0,15773232.0,4002.0,6
2415,3533.31666667,3302.8833333333,3408.35,3639.28333333,3287.85,3289.7,452.0,367.0,702.0,649.0,282.0,343.0,617.0,624.0,15773232.0,4002.0,6
2420,4215.45,4022.9,4067.86666667,4355.86666667,4003.91666667,4005.5,467.0,367.0,675.0,630.0,288.0,340.0,580.0,592.0,35463761.0,14080.0,6
2425,4888.08333333,4645.4,4717.36666667,5051.33333333,4568.4,4575.05,496.0,369.0,652.0,614.0,300.0,343.0,554.0,593.0,35463761.0,14080.0,6
2430,5663.23333333,5382.81666667,5464.01666667,5850.55,5365.81666667,5380.56666667,501.0,326.0,613.0,578.0,274.0,301.0,565.0,619.0,35463761.0,14080.0,6
2435,6196.883333329999,5853.08333333,6007.35,6424.0,5732.03333333,5763.76666667,488.0,290.0,572.0,544.0,278.0,290.0,549.0,630.0,35463761.0,14080.0,6
2440,6627.21666667,6322.933333329999,6582.883333329999,7050.55,6297.633333329999,6297.7,532.0,313.0,524.0,499.0,309.0,322.0,483.0,572.0,35463761.0,14080.0,6
2445,7311.06666666,6981.16666666,7267.81666666,7757.0,6952.933333329999,6955.06666666,595.0,350.0,476.0,455.0,346.0,362.0,352.0,477.0,32678152.0,23534.0,6
2450,7974.9,7620.06666666,7982.233333329999,8245.93333333,7563.58333333,7569.183333329999,639.0,370.0,427.0,417.0,363.0,387.0,302.0,432.0,32678152.0,23534.0,6
2455,8122.433333329999,7783.96666666,8173.01666666,8511.4,7778.01666666,7793.733333329999,679.0,393.0,412.0,448.0,386.0,413.0,287.0,416.0,32678152.0,23534.0,6
2460,8287.633333329999,7993.5,8295.06666666,8568.633333329999,7991.35,7979.11666666,724.0,414.0,429.0,469.0,404.0,434.0,271.0,406.0,32678152.0,23534.0,6
2465,8351.21666666,7998.46666666,8066.66666666,8634.95,8087.6,8019.46666666,735.0,424.0,430.0,476.0,418.0,443.0,270.0,408.0,32678152.0,23534.0,6
2470,8261.15,7805.85,7898.85,8455.81666666,7805.4,7840.08333333,735.0,417.0,434.0,479.0,418.0,439.0,295.0,415.0,32678152.0,23534.0,6
2475,8504.46666666,8108.433333329999,8206.1,8786.283333329999,8023.85,8024.883333329999,719.0,410.0,424.0,478.0,418.0,435.0,275.0,381.0,25003486.0,28651.0,6
2480,8655.96666666,8176.28333333,8352.98333333,8943.15,8105.1,8107.11666666,725.0,418.0,428.0,487.0,428.0,448.0,276.0,372.0,25003486.0,28651.0,6
2485,8881.41666666,8447.283333329999,8568.73333333,9178.2,8445.66666666,8447.86666666,714.0,422.0,436.0,494.0,430.0,458.0,265.0,329.0,25003486.0,28651.0,6
2490,9067.08333333,8613.1,8742.93333333,9358.31666666,8571.35,8612.33333333,709.0,421.0,433.0,493.0,430.0,459.0,264.0,313.0,25003486.0,28651.0,6
2495,9593.383333329999,9126.48333333,9246.5,9904.18333333,9073.93333333,9075.1,710.0,426.0,438.0,498.0,432.0,454.0,239.0,260.0,25003486.0,28651.0,6
2500,10007.98333333,9496.71666666,9676.65,10363.51666666,9398.31666666,9400.18333333,724.0,448.0,456.0,514.0,453.0,475.0,225.0,241.0,25003486.0,28651.0,6
2505,10152.33333333,9686.35,9796.883333329999,10491.31666666,9647.71666666,9647.61666666,731.0,462.0,470.0,528.0,468.0,481.0,215.0,208.0,25003486.0,28651.0,6
2510,10278.15,9924.383333329999,10035.76666666,10750.283333329999,9771.43333333,9784.883333329999,746.0,473.0,480.0,541.0,489.0,497.0,193.0,191.0,25003486.0,28651.0,6
2515,10513.55,10003.61666666,10067.81666666,10744.31666666,9972.61666666,9955.61666666,765.0,477.0,487.0,545.0,503.0,504.0,170.0,182.0,25003486.0,28651.0,6
2520,10487.58333333,10127.76666666,10188.71666666,10984.85,9964.633333329999,9977.2,783.0,487.0,509.0,559.0,525.0,515.0,163.0,162.0,25003486.0,28651.0,6
2525,10544.95,10216.383333329999,10302.98333333,11034.7,9995.633333329999,10021.18333333,800.0,491.0,519.0,569.0,537.0,522.0,151.0,151.0,56976782.0,49572.0,6
2530,11080.383333329999,10586.15,10796.883333329999,11517.633333329999,10420.3,10536.35,809.0,491.0,520.0,561.0,547.0,530.0,105.0,121.0,56976782.0,49572.0,6
2535,11155.81666666,10719.0,10763.71666666,11542.516666659998,10692.45,10712.883333329999,826.0,502.0,542.0,568.0,558.0,536.0,90.0,109.0,56976782.0,49572.0,6
2540,11163.23333333,10745.883333329999,10891.98333333,11668.33333333,10726.33333333,10725.65,842.0,510.0,551.0,573.0,574.0,546.0,79.0,102.0,56976782.0,49572.0,6
2545,11309.25,10841.65,10962.883333329999,11738.366666659998,10801.283333329999,10797.96666666,860.0,512.0,548.0,573.0,587.0,551.0,74.0,97.0,56976782.0,49572.0,6
2550,11314.3,10852.18333333,10921.4,11702.7,10774.883333329999,10715.73333333,876.0,513.0,555.0,579.0,593.0,549.0,70.0,92.0,56976782.0,49572.0,6
2555,11095.76666666,10828.65,10858.633333329999,11615.216666659999,10796.283333329999,10797.5,888.0,516.0,553.0,584.0,601.0,557.0,77.0,86.0,56976782.0,49572.0,6
2560,11243.85,10739.51666666,10830.51666666,11598.0,10674.533333329999,10675.58333333,886.0,501.0,542.0,575.0,592.0,543.0,88.0,85.0,56976782.0,49572.0,6
2565,11290.08333333,10772.133333329999,10893.31666666,11664.81666666,10722.383333329999,10728.51666666,891.0,496.0,537.0,570.0,588.0,539.0,98.0,79.0,56976782.0,49572.0,6
2570,11226.11666666,10765.0,10932.83333333,11665.31666666,10811.23333333,10814.16666666,891.0,495.0,538.0,571.0,593.0,533.0,94.0,67.0,13610022.0,38642.0,6
2575,11339.4,10843.73333333,10961.133333329999,11758.266666659998,10792.8,10809.06666666,902.0,498.0,543.0,576.0,592.0,534.0,90.0,75.0,13610022.0,38642.0,6
2580,11448.86666666,10970.5,11142.43333333,11902.216666659999,10876.75,10934.56666666,896.0,495.0,530.0,574.0,588.0,541.0,79.0,79.0,13610022.0,38642.0,6
2585,11719.3,11042.5,11180.56666666,11973.55,11120.6,11080.66666666,897.0,496.0,529.0,575.0,585.0,539.0,78.0,71.0,13610022.0,38642.0,6
2590,11776.48333333,11181.383333329999,11239.86666666,12087.48333333,11248.05,11147.133333329999,904.0,507.0,536.0,591.0,596.0,547.0,72.0,65.0,13610022.0,38642.0,6
2595,11650.5,11085.8,11214.783333329999,11999.65,11068.4,11055.86666666,914.0,515.0,534.0,600.0,605.0,554.0,59.0,61.0,13610022.0,38642.0,6
2600,11950.56666666,11353.43333333,11436.86666666,12216.466666659999,11268.5,11270.8,915.0,510.0,527.0,601.0,602.0,559.0,53.0,54.0,13610022.0,38642.0,6
2605,11916.83333333,11351.2,11446.71666666,12261.133333329999,11263.883333329999,11193.08333333,913.0,513.0,534.0,604.0,597.0,570.0,48.0,51.0,13610022.0,38642.0,6
2610,12041.16666666,11492.21666666,11621.23333333,12445.4,11383.35,11369.6,871.0,498.0,508.0,577.0,579.0,558.0,41.0,47.0,13610022.0,38642.0,6
2615,11917.9,11347.46666666,11476.71666666,12312.65,11178.033333329999,11315.73333333,851.0,492.0,501.0,560.0,563.0,545.0,39.0,55.0,13610022.0,38642.0,6
2620,11763.033333329999,11265.8,11351.86666666,12156.68333333,11295.35,11296.41666666,853.0,493.0,499.0,569.0,561.0,543.0,29.0,76.0,13610022.0,38642.0,6
2625,11864.85,11321.06666666,11450.033333329999,12262.966666659999,11188.86666666,11178.31666666,848.0,497.0,497.0,570.0,565.0,550.0,19.0,85.0,58853698.0,56854.0,6
2630,11861.8,11174.71666666,11368.0,12217.95,11171.25,11155.23333333,846.0,499.0,501.0,571.0,556.0,551.0,19.0,89.0,58853698.0,56854.0,6
2635,11712.133333329999,11334.48333333,11484.1,12317.133333329999,11281.533333329999,11286.7,840.0,498.0,494.0,567.0,554.0,559.0,11.0,81.0,58853698.0,56854.0,6
2640,11906.55,11193.65,11301.4,12101.58333333,11312.5,11258.65,838.0,494.0,493.0,564.0,543.0,549.0,11.0,90.0,58853698.0,56854.0,6
2645,11516.41666666,11184.9,11113.1,12099.81666666,11137.46666666,11118.51666666,851.0,512.0,504.0,570.0,555.0,566.0,11.0,98.0,58853698.0,56854.0,6
2650,11412.783333329999,10910.18333333,11143.383333329999,11934.633333329999,10857.58333333,10854.11666666,841.0,507.0,504.0,564.0,547.0,565.0,18.0,112.0,58853698.0,56854.0,6
2655,11501.48333333,10983.6,11125.93333333,11924.016666659998,10869.56666666,10846.46666666,839.0,486.0,487.0,544.0,516.0,542.0,32.0,148.0,58853698.0,56854.0,6
2660,11224.85,10800.33333333,10961.1,11730.43333333,10793.133333329999,10794.55,848.0,489.0,490.0,547.0,509.0,531.0,37.0,158.0,46231802.0,31015.0,6
2665,11283.3,10778.81666666,10889.31666666,11660.766666659998,10790.65,10862.98333333,848.0,490.0,491.0,552.0,504.0,509.0,39.0,161.0,46231802.0,31015.0,6
2670,11138.16666666,10740.8,10884.133333329999,11657.16666666,10651.58333333,10753.85,882.0,506.0,507.0,575.0,525.0,528.0,40.0,165.0,46231802.0,31015.0,6
2675,11546.716666659999,10879.43333333,11008.0,11788.81666666,10898.6,10776.16666666,893.0,502.0,509.0,576.0,525.0,529.0,35.0,159.0,46231802.0,31015.0,6
2680,11368.18333333,11000.93333333,11168.85,11936.06666666,10884.51666666,10883.83333333,894.0,511.0,509.0,578.0,532.0,536.0,34.0,137.0,46231802.0,31015.0,6
2685,11473.31666666,10933.26666666,11055.35,11840.33333333,10975.81666666,10986.1,905.0,508.0,514.0,579.0,522.0,523.0,36.0,123.0,46231802.0,31015.0,6
2690,11488.58333333,10902.8,11003.883333329999,11776.81666666,10857.65,10859.06666666,915.0,516.0,518.0,587.0,526.0,532.0,48.0,134.0,46231802.0,31015.0,6
2695,11601.41666666,11016.383333329999,11165.7,11916.56666666,10828.36666666,10856.883333329999,917.0,517.0,519.0,586.0,522.0,526.0,49.0,115.0,46231802.0,31015.0,6
2700,11668.75,11134.133333329999,11260.01666666,12058.466666659999,11087.533333329999,11087.91666666,921.0,521.0,522.0,591.0,527.0,527.0,47.0,99.0,36577074.0,37501.0,6
2705,11860.48333333,11133.25,11443.3,12055.95,11140.51666666,11179.48333333,916.0,513.0,522.0,592.0,521.0,527.0,47.0,89.0,36577074.0,37501.0,6
2710,12049.65,11461.43333333,11496.93333333,12311.85,11359.83333333,11366.35,921.0,512.0,516.0,590.0,517.0,531.0,43.0,78.0,36577074.0,37501.0,6
2715,11947.75,11566.06666666,11728.883333329999,12543.9,11456.35,11596.68333333,918.0,530.0,536.0,614.0,545.0,561.0,30.0,40.0,36577074.0,37501.0,6
2720,12031.716666659999,11584.56666666,11616.466666659999,12480.533333329999,11489.133333329999,11486.9,909.0,522.0,539.0,602.0,539.0,559.0,35.0,38.0,36577074.0,37501.0,6
2725,12029.85,11577.4,11766.45,12410.3,11496.71666666,11494.33333333,918.0,527.0,540.0,608.0,550.0,572.0,44.0,44.0,36577074.0,37501.0,6
2730,12118.25,11462.283333329999,11747.33333333,12390.18333333,11549.266666659998,11473.5,926.0,535.0,549.0,616.0,551.0,571.0,45.0,40.0,36577074.0,37501.0,6
2735,12176.43333333,11610.366666659998,11736.533333329999,12570.08333333,11632.8,11622.35,927.0,539.0,553.0,623.0,556.0,570.0,54.0,38.0,36577074.0,37501.0,6
2740,12145.16666666,11433.81666666,11518.76666666,12360.716666659999,11455.93333333,11460.7,928.0,535.0,555.0,618.0,553.0,569.0,80.0,50.0,36577074.0,37501.0,6
2745,11754.033333329999,11362.06666666,11540.58333333,12341.633333329999,11310.98333333,11310.73333333,931.0,538.0,548.0,624.0,564.0,582.0,101.0,59.0,36577074.0,37501.0,6
2750,12070.266666659998,11549.266666659998,11589.31666666,12418.25,11435.75,11437.43333333,920.0,522.0,537.0,611.0,549.0,563.0,99.0,49.0,36577074.0,37501.0,6
2755,,11452.76666666,,,11394.26666666,,,530.0,,,558.0,,,,50577113.0,51934.0,2
390,,,,,,,,,,,,,,,,,0
895,,,,,,,,,,,,,,,,,0
1880,,,,,,,,,,,,,,,,-1.0,0
